player,matches_played,total_runs,total_balls_faced,total_dismissals,total_fours,total_sixes,total_wickets,total_runs_conceded,total_balls_bowled,batting_avg,batting_sr,boundary_pct,avg_runs_per_match,bowling_avg,bowling_econ,bowling_sr,ipl_experience
A Ashish Reddy,28,280,196,15,16,15,19,400,270,18.666666666666668,142.85714285714286,0.55,10.0,21.05263157894737,8.88888888888889,14.210526315789474,28
A Badoni,48,963,740,36,73,38,4,50,35,26.75,130.13513513513513,0.5399792315680166,20.0625,12.5,8.571428571428571,8.75,48
A Chandila,12,4,7,0,0,0,11,245,234,,57.14285714285714,0.0,0.3333333333333333,22.272727272727273,6.282051282051282,21.272727272727273,12
A Chopra,6,53,75,6,7,0,0,0,0,8.833333333333334,70.66666666666667,0.5283018867924528,8.833333333333334,,,,6
A Choudhary,5,25,20,1,1,1,5,144,108,25.0,125.0,0.4,5.0,28.8,8.0,21.6,5
A Dananjaya,1,4,5,0,0,0,0,47,25,,80.0,0.0,4.0,,11.28,,1
A Flintoff,3,62,57,2,5,2,2,106,66,31.0,108.77192982456141,0.5161290322580645,20.666666666666668,53.0,9.636363636363637,33.0,3
A Kamboj,11,16,15,2,2,0,10,288,198,8.0,106.66666666666667,0.5,1.4545454545454546,28.8,8.727272727272727,19.8,11
A Kumble,42,35,49,3,3,0,49,1089,983,11.666666666666666,71.42857142857143,0.34285714285714286,0.8333333333333334,22.224489795918366,6.646998982706002,20.06122448979592,42
A Manohar,20,292,243,19,23,14,0,0,0,15.368421052631579,120.16460905349795,0.6027397260273972,14.6,,,,20
A Mhatre,7,240,131,7,31,11,0,0,0,34.285714285714285,183.206106870229,0.7916666666666666,34.285714285714285,,,,7
A Mishra,162,381,440,30,31,5,183,4193,3444,12.7,86.5909090909091,0.4041994750656168,2.3518518518518516,22.91256830601093,7.304878048780488,18.81967213114754,162
A Mithun,16,34,26,5,4,1,8,477,312,6.8,130.76923076923077,0.6470588235294118,2.125,59.625,9.173076923076923,39.0,16
A Mukund,2,19,23,2,1,0,0,0,0,9.5,82.6086956521739,0.21052631578947367,9.5,,,,2
A Nehra,88,41,63,7,3,1,121,2537,1974,5.857142857142857,65.07936507936508,0.43902439024390244,0.4659090909090909,20.96694214876033,7.711246200607903,16.31404958677686,88
A Nel,1,0,0,0,0,0,1,31,18,,,,0.0,31.0,10.333333333333334,18.0,1
A Nortje,48,49,51,6,6,0,63,1701,1142,8.166666666666666,96.07843137254902,0.4897959183673469,1.0208333333333333,27.0,8.936952714535902,18.126984126984127,48
A Raghuvanshi,18,463,326,16,46,16,0,0,0,28.9375,142.0245398773006,0.6047516198704104,25.72222222222222,,,,18
A Singh,23,2,10,4,0,0,31,639,486,0.5,20.0,0.0,0.08695652173913043,20.612903225806452,7.888888888888889,15.67741935483871,23
A Symonds,36,974,781,27,74,41,23,694,540,36.074074074074076,124.71190781049937,0.5564681724845996,27.055555555555557,30.17391304347826,7.711111111111111,23.47826086956522,36
A Tomar,1,4,8,1,1,0,0,0,0,4.0,50.0,1.0,4.0,,,,1
A Uniyal,2,4,7,1,0,0,3,67,38,4.0,57.14285714285714,0.0,2.0,22.333333333333332,10.578947368421053,12.666666666666666,2
A Zampa,22,15,25,5,1,0,32,656,475,3.0,60.0,0.26666666666666666,0.6818181818181818,20.5,8.286315789473683,14.84375,22
AA Bilakhia,7,69,88,5,5,0,0,0,0,13.8,78.4090909090909,0.2898550724637681,9.857142857142858,,,,7
AA Chavan,13,12,11,2,2,0,8,339,255,6.0,109.09090909090908,0.6666666666666666,0.9230769230769231,42.375,7.976470588235294,31.875,13
AA Jhunjhunwala,18,217,218,13,19,5,1,130,88,16.692307692307693,99.54128440366972,0.48847926267281105,12.055555555555555,130.0,8.863636363636363,88.0,18
AA Kazi,1,0,0,0,0,0,1,21,13,,,,0.0,21.0,9.692307692307693,13.0,1
AA Kulkarni,2,9,8,2,2,0,0,0,0,4.5,112.5,0.8888888888888888,4.5,,,,2
AA Noffke,1,9,12,1,1,0,1,41,25,9.0,75.0,0.4444444444444444,9.0,41.0,9.84,25.0,1
AB Agarkar,42,179,160,9,13,5,33,1174,820,19.88888888888889,111.87499999999999,0.4581005586592179,4.261904761904762,35.57575757575758,8.590243902439026,24.848484848484848,42
AB Barath,3,42,43,2,5,1,0,0,0,21.0,97.67441860465115,0.6190476190476191,14.0,,,,3
AB Dinda,76,26,50,10,2,0,82,2103,1589,2.6,52.0,0.3076923076923077,0.34210526315789475,25.646341463414632,7.940843297671492,19.378048780487806,76
AB McDonald,10,123,103,5,9,4,14,263,188,24.6,119.41747572815532,0.4878048780487805,12.3,18.785714285714285,8.393617021276595,13.428571428571429,10
AB de Villiers,170,5181,3487,130,414,253,0,0,0,39.853846153846156,148.58044164037855,0.6126230457440649,30.476470588235294,,,,170
AC Blizzard,7,120,91,7,21,2,0,0,0,17.142857142857142,131.86813186813185,0.8,17.142857142857142,,,,7
AC Gilchrist,80,2069,1555,76,239,92,1,0,1,27.223684210526315,133.05466237942122,0.7288545190913485,25.8625,0.0,0.0,1.0,80
AC Thomas,15,20,19,2,1,1,16,416,327,10.0,105.26315789473684,0.5,1.3333333333333333,26.0,7.63302752293578,20.4375,15
AC Voges,8,181,143,4,15,3,1,76,56,45.25,126.57342657342659,0.430939226519337,22.625,76.0,8.142857142857142,56.0,8
AD Hales,6,148,119,6,13,6,0,0,0,24.666666666666668,124.36974789915966,0.5945945945945946,24.666666666666668,,,,6
AD Mascarenhas,13,79,79,9,5,1,19,365,310,8.777777777777779,100.0,0.3291139240506329,6.076923076923077,19.210526315789473,7.064516129032258,16.31578947368421,13
AD Mathews,46,724,599,30,44,29,28,1095,807,24.133333333333333,120.86811352253757,0.48342541436464087,15.73913043478261,39.107142857142854,8.141263940520446,28.821428571428573,46
AD Nath,10,90,99,10,7,2,0,0,0,9.0,90.9090909090909,0.4444444444444444,9.0,,,,10
AD Russell,134,2655,1626,95,187,223,133,2909,1885,27.94736842105263,163.28413284132841,0.7856873822975518,19.813432835820894,21.872180451127818,9.25941644562334,14.172932330827068,134
AF Milne,10,23,31,4,0,1,9,339,217,5.75,74.19354838709677,0.2608695652173913,2.3,37.666666666666664,9.373271889400922,24.11111111111111,10
AG Murtaza,12,10,14,1,1,0,12,322,269,10.0,71.42857142857143,0.4,0.8333333333333334,26.833333333333332,7.182156133828996,22.416666666666668,12
AG Paunikar,5,49,61,5,9,0,0,0,0,9.8,80.32786885245902,0.7346938775510204,9.8,,,,5
AJ Finch,90,2092,1696,84,214,78,1,67,44,24.904761904761905,123.34905660377358,0.6328871892925431,23.244444444444444,67.0,9.136363636363637,44.0,90
AJ Hosein,1,16,11,0,1,1,1,41,24,,145.45454545454547,0.625,16.0,41.0,10.25,24.0,1
AJ Turner,6,24,31,5,0,2,0,0,0,4.8,77.41935483870968,0.5,4.0,,,,6
AJ Tye,30,91,79,9,6,5,48,1005,714,10.11111111111111,115.18987341772151,0.5934065934065934,3.033333333333333,20.9375,8.445378151260504,14.875,30
AK Markram,56,1440,1093,46,111,57,6,275,191,31.304347826086957,131.74748398902105,0.5458333333333333,25.714285714285715,45.833333333333336,8.638743455497382,31.833333333333332,56
AL Menaria,25,401,367,21,24,18,3,144,113,19.095238095238095,109.26430517711172,0.5087281795511222,16.04,48.0,7.646017699115045,37.666666666666664,25
AM Nayar,51,672,588,38,55,20,9,323,239,17.68421052631579,114.28571428571428,0.5059523809523809,13.176470588235293,35.888888888888886,8.10878661087866,26.555555555555557,51
AM Rahane,183,5032,4133,165,515,123,1,5,6,30.496969696969696,121.75175417372368,0.5560413354531002,27.497267759562842,5.0,5.0,6.0,183
AM Salvi,7,0,0,0,0,0,7,205,156,,,,0.0,29.285714285714285,7.884615384615385,22.285714285714285,7
AN Ahmed,17,36,27,1,4,1,15,515,362,36.0,133.33333333333331,0.6111111111111112,2.1176470588235294,34.333333333333336,8.535911602209945,24.133333333333333,17
AN Ghosh,2,7,8,2,1,0,0,0,0,3.5,87.5,0.5714285714285714,3.5,,,,2
AP Dole,3,34,23,2,3,1,5,114,73,17.0,147.82608695652172,0.5294117647058824,11.333333333333334,22.8,9.36986301369863,14.6,3
AP Majumdar,4,87,77,4,7,2,0,0,0,21.75,112.98701298701299,0.45977011494252873,21.75,,,,4
AP Tare,27,339,285,24,40,11,0,0,0,14.125,118.94736842105263,0.6666666666666666,12.555555555555555,,,,27
AR Bawne,1,12,12,0,1,0,0,0,0,,100.0,0.3333333333333333,12.0,,,,1
AR Patel,163,1916,1489,87,130,94,137,4138,3371,22.022988505747126,128.67696440564137,0.5657620041753654,11.754601226993865,30.204379562043794,7.365173539009196,24.605839416058394,163
AS Joseph,22,27,32,1,3,0,22,707,454,27.0,84.375,0.4444444444444444,1.2272727272727273,32.13636363636363,9.343612334801762,20.636363636363637,22
AS Rajpoot,29,26,41,5,2,1,24,844,567,5.2,63.41463414634146,0.5384615384615384,0.896551724137931,35.166666666666664,8.931216931216932,23.625,29
AS Raut,17,194,172,9,13,7,0,45,30,21.555555555555557,112.79069767441861,0.4845360824742268,11.411764705882353,,9.0,,17
AS Roy,11,26,25,4,3,0,8,218,167,6.5,104.0,0.46153846153846156,2.3636363636363638,27.25,7.832335329341317,20.875,11
AS Yadav,6,49,40,5,5,2,0,0,0,9.8,122.50000000000001,0.6530612244897959,8.166666666666666,,,,6
AT Carey,3,32,29,2,0,1,0,0,0,16.0,110.34482758620689,0.1875,10.666666666666666,,,,3
AT Rayudu,185,4348,3490,153,359,173,0,0,0,28.41830065359477,124.58452722063038,0.5689972401103955,23.502702702702702,,,,185
AU Rashid,3,22,17,2,2,1,2,91,60,11.0,129.41176470588235,0.6363636363636364,7.333333333333333,45.5,9.1,30.0,3
AUK Pathan,7,39,26,5,5,2,0,63,41,7.8,150.0,0.8205128205128205,5.571428571428571,,9.219512195121952,,7
Abdul Basith,1,1,1,0,0,0,0,0,0,,100.0,0.0,1.0,,,,1
Abdul Samad,51,743,506,39,45,50,2,119,57,19.05128205128205,146.83794466403162,0.6460296096904441,14.568627450980392,59.5,12.526315789473685,28.5,51
Abdur Razzak,1,0,2,0,0,0,0,29,14,,0.0,,0.0,,12.428571428571427,,1
Abhishek Sharma,77,1816,1167,67,174,101,11,509,345,27.104477611940297,155.61268209083119,0.7169603524229075,23.584415584415584,46.27272727272727,8.852173913043478,31.363636363636363,77
Abishek Porel,29,661,454,26,65,27,0,0,0,25.423076923076923,145.59471365638768,0.6384266263237519,22.79310344827586,,,,29
Akash Deep,14,25,14,3,2,2,11,554,302,8.333333333333334,178.57142857142858,0.8,1.7857142857142858,50.36363636363637,11.006622516556291,27.454545454545453,14
Akash Madhwal,17,8,14,0,0,0,26,598,376,,57.14285714285714,0.0,0.47058823529411764,23.0,9.542553191489363,14.461538461538462,17
Akash Singh,10,0,0,0,0,0,9,326,208,,,,0.0,36.22222222222222,9.403846153846155,23.11111111111111,10
Aman Hakim Khan,10,115,109,9,8,6,0,13,6,12.777777777777779,105.50458715596329,0.591304347826087,11.5,,13.0,,10
Anand Rajan,8,0,0,0,0,0,10,206,162,,,,0.0,20.6,7.62962962962963,16.2,8
Aniket Verma,12,236,148,9,12,20,0,0,0,26.22222222222222,159.45945945945945,0.711864406779661,19.666666666666668,,,,12
Anirudh Singh,4,63,69,4,6,1,0,0,0,15.75,91.30434782608695,0.47619047619047616,15.75,,,,4
Ankit Sharma,21,87,69,7,7,4,12,453,375,12.428571428571429,126.08695652173914,0.5977011494252874,4.142857142857143,37.75,7.248,31.25,21
Ankit Soni,6,7,9,2,0,1,4,145,112,3.5,77.77777777777779,0.8571428571428571,1.1666666666666667,36.25,7.767857142857142,28.0,6
Anmolpreet Singh,9,139,117,9,19,3,0,0,0,15.444444444444445,118.80341880341881,0.6762589928057554,15.444444444444445,,,,9
Anuj Rawat,21,318,276,16,26,14,0,0,0,19.875,115.21739130434783,0.5911949685534591,15.142857142857142,,,,21
Anureet Singh,22,36,47,4,2,1,21,636,430,9.0,76.59574468085107,0.3888888888888889,1.6363636363636365,30.285714285714285,8.874418604651162,20.476190476190474,22
Arjun Tendulkar,5,13,9,1,0,1,4,117,83,13.0,144.44444444444443,0.46153846153846156,2.6,29.25,8.457831325301205,20.75,5
Arshad Khan,18,119,90,5,5,9,12,502,289,23.8,132.22222222222223,0.6218487394957983,6.611111111111111,41.833333333333336,10.422145328719724,24.083333333333332,18
Arshad Khan (2),1,5,4,1,1,0,0,25,13,5.0,125.0,0.8,5.0,,11.53846153846154,,1
Arshdeep Singh,81,31,48,6,4,0,106,2624,1820,5.166666666666667,64.58333333333334,0.5161290322580645,0.38271604938271603,24.754716981132077,8.650549450549452,17.169811320754718,81
Ashutosh Sharma,18,393,256,14,24,28,0,0,0,28.071428571428573,153.515625,0.6717557251908397,21.833333333333332,,,,18
Ashwani Kumar,7,0,0,0,0,0,11,234,132,,,,0.0,21.272727272727273,10.636363636363637,12.0,7
Atharva Taide,10,260,188,10,30,8,0,4,1,26.0,138.29787234042556,0.6461538461538462,26.0,,24.0,,10
Avesh Khan,75,62,39,3,6,4,94,2497,1684,20.666666666666668,158.97435897435898,0.7741935483870968,0.8266666666666667,26.56382978723404,8.89667458432304,17.914893617021278,75
Azhar Mahmood,23,388,311,19,39,13,31,707,552,20.42105263157895,124.7588424437299,0.6030927835051546,16.869565217391305,22.806451612903224,7.684782608695652,17.806451612903224,23
Azmatullah Omarzai,15,99,77,8,8,5,12,476,300,12.375,128.57142857142858,0.6262626262626263,6.6,39.666666666666664,9.52,25.0,15
B Akhil,15,76,57,6,5,5,7,246,193,12.666666666666666,133.33333333333331,0.6578947368421053,5.066666666666666,35.142857142857146,7.647668393782384,27.571428571428573,15
B Chipli,21,280,256,15,28,7,0,20,6,18.666666666666668,109.375,0.55,13.333333333333334,,20.0,,21
B Geeves,2,0,0,0,0,0,2,91,49,,,,0.0,45.5,11.142857142857144,24.5,2
B Indrajith,3,21,31,3,2,0,0,0,0,7.0,67.74193548387096,0.38095238095238093,7.0,,,,3
B Kumar,190,320,364,38,31,3,213,5541,4378,8.421052631578947,87.91208791208791,0.44375,1.6842105263157894,26.014084507042252,7.59387848332572,20.55399061032864,190
B Laughlin,9,5,13,2,0,0,10,284,179,2.5,38.46153846153847,0.0,0.5555555555555556,28.4,9.5195530726257,17.9,9
B Lee,38,124,102,10,8,8,30,1126,916,12.4,121.56862745098039,0.6451612903225806,3.263157894736842,37.53333333333333,7.3755458515283845,30.533333333333335,38
B Sai Sudharsan,40,1793,1279,36,183,53,0,0,0,49.80555555555556,140.1876465989054,0.5856107083100948,44.825,,,,40
B Stanlake,6,5,2,0,1,0,7,200,150,,250.0,0.8,0.8333333333333334,28.571428571428573,8.0,21.428571428571427,6
B Sumanth,4,35,38,1,3,0,0,0,0,35.0,92.10526315789474,0.34285714285714286,8.75,,,,4
BA Bhatt,15,6,7,1,0,1,13,408,303,6.0,85.71428571428571,1.0,0.4,31.384615384615383,8.07920792079208,23.307692307692307,15
BA Stokes,45,935,718,38,81,32,31,1023,723,24.605263157894736,130.22284122562675,0.5518716577540107,20.77777777777778,33.0,8.489626556016598,23.322580645161292,45
BAW Mendis,10,3,6,2,0,0,9,306,248,1.5,50.0,0.0,0.3,34.0,7.403225806451612,27.555555555555557,10
BB McCullum,109,2882,2272,104,293,130,0,0,0,27.71153846153846,126.84859154929578,0.6773074253990284,26.440366972477065,,,,109
BB Samantray,8,125,116,5,13,2,0,0,0,25.0,107.75862068965519,0.512,15.625,,,,8
BB Sran,24,10,14,1,0,0,20,767,516,10.0,71.42857142857143,0.0,0.4166666666666667,38.35,8.918604651162791,25.8,24
BCJ Cutting,21,238,146,11,15,19,12,430,288,21.636363636363637,163.013698630137,0.7310924369747899,11.333333333333334,35.833333333333336,8.958333333333334,24.0,21
BE Hendricks,7,1,3,1,0,0,11,239,157,1.0,33.33333333333333,0.0,0.14285714285714285,21.727272727272727,9.13375796178344,14.272727272727273,7
BJ Haddin,1,18,11,1,2,1,0,0,0,18.0,163.63636363636365,0.7777777777777778,18.0,,,,1
BJ Hodge,63,1400,1153,42,122,43,18,310,238,33.333333333333336,121.42237640936686,0.5328571428571428,22.22222222222222,17.22222222222222,7.815126050420169,13.222222222222221,63
BJ Rohrer,8,193,146,7,21,5,0,12,7,27.571428571428573,132.1917808219178,0.5906735751295337,24.125,,10.285714285714285,,8
BKG Mendis,1,20,11,1,1,2,0,0,0,20.0,181.8181818181818,0.8,20.0,,,,1
BMAJ Mendis,3,23,27,3,0,0,1,36,30,7.666666666666667,85.18518518518519,0.0,7.666666666666667,36.0,7.2,30.0,3
BR Dunk,3,40,36,3,7,0,0,0,0,13.333333333333334,111.11111111111111,0.7,13.333333333333334,,,,3
BR Sharath,1,2,5,1,0,0,0,0,0,2.0,40.0,0.0,2.0,,,,1
BW Hilfenhaus,17,0,0,0,0,0,23,497,390,,,,0.0,21.608695652173914,7.6461538461538465,16.956521739130434,17
Basil Thampi,25,32,37,1,1,1,26,862,539,32.0,86.48648648648648,0.3125,1.28,33.15384615384615,9.595547309833025,20.73076923076923,25
Bipul Sharma,29,187,124,8,11,9,22,581,436,23.375,150.80645161290323,0.5240641711229946,6.448275862068965,26.40909090909091,7.9954128440366965,19.818181818181817,29
C Bosch,3,47,32,2,3,3,1,56,45,23.5,146.875,0.6382978723404256,15.666666666666666,56.0,7.466666666666667,45.0,3
C Ganapathy,1,0,0,0,0,0,0,13,6,,,,0.0,,13.0,,1
C Green,29,707,472,17,62,32,20,675,462,41.588235294117645,149.78813559322032,0.6223479490806223,24.379310344827587,33.75,8.766233766233766,23.1,29
C Madan,1,15,21,1,3,0,0,0,0,15.0,71.42857142857143,0.8,15.0,,,,1
C Munro,12,177,144,11,19,8,0,15,12,16.09090909090909,122.91666666666667,0.7005649717514124,14.75,,7.5,,12
C Nanda,3,0,1,1,0,0,2,58,50,0.0,0.0,,0.0,29.0,6.959999999999999,25.0,3
C Sakariya,20,20,31,6,3,0,20,649,479,3.3333333333333335,64.51612903225806,0.6,1.0,32.45,8.129436325678498,23.95,20
C de Grandhomme,25,303,229,16,18,18,7,323,230,18.9375,132.31441048034935,0.594059405940594,12.12,46.142857142857146,8.426086956521738,32.857142857142854,25
CA Ingram,15,205,183,12,22,5,0,0,0,17.083333333333332,112.02185792349727,0.5756097560975609,13.666666666666666,,,,15
CA Lynn,42,1329,974,39,132,66,0,0,0,34.07692307692308,136.4476386036961,0.6952595936794582,31.642857142857142,,,,42
CA Pujara,22,390,403,19,50,4,0,0,0,20.526315789473685,96.7741935483871,0.5743589743589743,17.727272727272727,,,,22
CH Gayle,141,4997,3516,126,408,359,19,755,584,39.65873015873016,142.1217292377702,0.7576545927556534,35.43971631205674,39.73684210526316,7.756849315068494,30.736842105263158,141
CH Morris,81,618,413,28,41,35,107,2377,1801,22.071428571428573,149.636803874092,0.6051779935275081,7.62962962962963,22.214953271028037,7.91893392559689,16.83177570093458,81
CJ Anderson,30,538,436,22,40,31,14,525,315,24.454545454545453,123.39449541284404,0.6431226765799256,17.933333333333334,37.5,10.0,22.5,30
CJ Dala,1,0,0,0,0,0,0,34,19,,,,0.0,,10.736842105263158,,1
CJ Ferguson,8,98,119,6,9,0,0,0,0,16.333333333333332,82.35294117647058,0.3673469387755102,12.25,,,,8
CJ Green,1,0,0,0,0,0,0,24,17,,,,0.0,,8.470588235294118,,1
CJ Jordan,34,81,81,10,3,3,36,1111,717,8.1,100.0,0.37037037037037035,2.3823529411764706,30.86111111111111,9.297071129707113,19.916666666666668,34
CJ McKay,2,8,15,1,0,0,1,60,42,8.0,53.333333333333336,0.0,4.0,60.0,8.571428571428571,42.0,2
CK Kapugedera,4,16,24,3,0,0,0,49,17,5.333333333333333,66.66666666666666,0.0,4.0,,17.294117647058822,,4
CK Langeveldt,7,8,9,2,0,1,13,199,165,4.0,88.88888888888889,0.75,1.1428571428571428,15.307692307692308,7.236363636363636,12.692307692307692,7
CL White,45,971,774,36,76,38,1,86,46,26.97222222222222,125.45219638242895,0.5478887744593203,21.57777777777778,86.0,11.217391304347826,46.0,45
CM Gautam,13,169,158,10,17,6,0,0,0,16.9,106.9620253164557,0.6153846153846154,13.0,,,,13
CR Brathwaite,16,181,120,13,10,16,16,384,266,13.923076923076923,150.83333333333334,0.7513812154696132,11.3125,24.0,8.661654135338345,16.625,16
CR Woakes,21,78,77,6,7,2,31,674,463,13.0,101.29870129870129,0.5128205128205128,3.7142857142857144,21.741935483870968,8.734341252699783,14.935483870967742,21
CRD Fernando,10,4,3,0,0,0,19,306,249,,133.33333333333331,0.0,0.4,16.105263157894736,7.373493975903615,13.105263157894736,10
CV Varun,83,26,50,4,2,0,102,2432,1932,6.5,52.0,0.3076923076923077,0.3132530120481928,23.84313725490196,7.552795031055901,18.941176470588236,83
D Brevis,16,455,305,16,30,33,1,8,3,28.4375,149.18032786885246,0.6989010989010989,28.4375,8.0,16.0,3.0,16
D Ferreira,3,9,14,3,0,0,0,0,0,3.0,64.28571428571429,0.0,3.0,,,,3
D Jansen,1,0,0,0,0,0,1,53,28,,,,0.0,53.0,11.357142857142856,28.0,1
D Kalyankrishna,3,3,8,1,0,0,2,88,50,3.0,37.5,0.0,1.0,44.0,10.559999999999999,25.0,3
D Padikkal,74,1806,1496,71,192,56,0,0,0,25.43661971830986,120.72192513368985,0.6112956810631229,24.405405405405407,,,,74
D Pretorius,7,44,28,4,3,3,7,242,166,11.0,157.14285714285714,0.6818181818181818,6.285714285714286,34.57142857142857,8.74698795180723,23.714285714285715,7
D Salunkhe,5,33,24,2,5,0,1,80,51,16.5,137.5,0.6060606060606061,6.6,80.0,9.411764705882353,51.0,5
D Wiese,18,148,105,5,12,7,17,447,307,29.6,140.95238095238096,0.6081081081081081,8.222222222222221,26.294117647058822,8.736156351791532,18.058823529411764,18
D du Preez,2,10,13,1,0,0,4,56,43,10.0,76.92307692307693,0.0,5.0,14.0,7.813953488372093,10.75,2
DA Miller,133,3077,2295,86,220,138,0,0,0,35.77906976744186,134.07407407407408,0.5550861228469288,23.13533834586466,,,,133
DA Warner,184,6567,4849,164,663,236,0,2,2,40.042682926829265,135.4299855640338,0.6194609410689813,35.69021739130435,,6.0,,184
DAJ Bracewell,1,12,9,0,1,0,3,32,25,,133.33333333333331,0.3333333333333333,12.0,10.666666666666666,7.68,8.333333333333334,1
DB Das,22,304,267,14,23,16,0,0,0,21.714285714285715,113.85767790262172,0.618421052631579,13.818181818181818,,,,22
DB Ravi Teja,25,375,325,19,35,9,1,28,18,19.736842105263158,115.38461538461537,0.5173333333333333,15.0,28.0,9.333333333333334,18.0,25
DE Bollinger,27,21,23,1,1,1,43,716,600,21.0,91.30434782608695,0.47619047619047616,0.7777777777777778,16.651162790697676,7.16,13.953488372093023,27
DG Nalkande,6,12,12,2,0,1,6,150,89,6.0,100.0,0.5,2.0,25.0,10.112359550561797,14.833333333333334,6
DH Yagnik,17,170,142,10,23,2,0,0,0,17.0,119.71830985915493,0.611764705882353,10.0,,,,17
DJ Bravo,160,1560,1247,69,120,66,207,4436,3296,22.608695652173914,125.10024057738573,0.5615384615384615,9.75,21.429951690821255,8.075242718446601,15.922705314009661,160
DJ Harris,4,111,103,4,11,5,0,26,18,27.75,107.76699029126213,0.6666666666666666,27.75,,8.666666666666666,,4
DJ Hooda,107,1497,1213,85,98,62,10,550,391,17.611764705882354,123.41302555647155,0.5103540414161657,13.990654205607477,55.0,8.439897698209718,39.1,107
DJ Hussey,61,1322,1101,49,90,60,10,485,323,26.979591836734695,120.07266121707538,0.5446293494704992,21.672131147540984,48.5,9.009287925696594,32.3,61
DJ Jacobs,7,92,101,7,10,4,0,0,0,13.142857142857142,91.0891089108911,0.6956521739130435,13.142857142857142,,,,7
DJ Malan,1,26,26,1,1,1,0,0,0,26.0,100.0,0.38461538461538464,26.0,,,,1
DJ Mitchell,15,351,274,13,28,10,1,97,51,27.0,128.1021897810219,0.49002849002849,23.4,97.0,11.411764705882353,51.0,15
DJ Muthuswami,6,1,3,1,0,0,4,108,84,1.0,33.33333333333333,0.0,0.16666666666666666,27.0,7.714285714285714,21.0,6
DJ Thornely,5,39,54,3,2,2,3,40,44,13.0,72.22222222222221,0.5128205128205128,7.8,13.333333333333334,5.454545454545455,14.666666666666666,5
DJ Willey,11,53,64,2,7,0,7,277,221,26.5,82.8125,0.5283018867924528,4.818181818181818,39.57142857142857,7.520361990950226,31.571428571428573,11
DJG Sammy,22,295,251,15,15,18,14,354,244,19.666666666666668,117.52988047808766,0.5694915254237288,13.409090909090908,25.285714285714285,8.704918032786885,17.428571428571427,22
DJM Short,7,115,102,7,11,5,1,23,18,16.428571428571427,112.74509803921569,0.6434782608695652,16.428571428571427,23.0,7.666666666666667,18.0,7
DL Chahar,95,117,86,8,5,8,91,2621,2009,14.625,136.04651162790697,0.5811965811965812,1.231578947368421,28.802197802197803,7.827775012444002,22.076923076923077,95
DL Vettori,34,121,118,8,11,2,34,894,785,15.125,102.54237288135593,0.4628099173553719,3.5588235294117645,26.294117647058822,6.83312101910828,23.08823529411765,34
DM Bravo,1,6,5,0,1,0,0,0,0,,120.0,0.6666666666666666,6.0,,,,1
DNT Zoysa,3,11,9,1,1,0,2,100,69,11.0,122.22222222222223,0.36363636363636365,3.6666666666666665,50.0,8.695652173913043,34.5,3
DP Conway,28,1080,794,25,117,34,0,0,0,43.2,136.02015113350126,0.6222222222222222,38.57142857142857,,,,28
DP Nannes,29,4,13,1,0,0,38,815,689,4.0,30.76923076923077,0.0,0.13793103448275862,21.44736842105263,7.097242380261249,18.13157894736842,29
DP Vijaykumar,9,1,1,0,0,0,4,205,159,,100.0,0.0,0.1111111111111111,51.25,7.735849056603773,39.75,9
DPMD Jayawardene,78,1808,1522,64,200,40,0,0,0,28.25,118.7910643889619,0.5752212389380531,23.17948717948718,,,,78
DR Martyn,1,19,26,1,1,0,0,0,0,19.0,73.07692307692307,0.21052631578947367,19.0,,,,1
DR Sams,16,44,48,9,1,3,15,528,389,4.888888888888889,91.66666666666666,0.5,2.75,35.2,8.143958868894602,25.933333333333334,16
DR Shorey,2,13,20,2,0,1,0,0,0,6.5,65.0,0.46153846153846156,6.5,,,,2
DR Smith,91,2385,1803,84,245,117,27,825,557,28.392857142857142,132.27953410981698,0.7052410901467505,26.208791208791208,30.555555555555557,8.88689407540395,20.62962962962963,91
DS Kulkarni,92,104,113,9,7,2,91,2513,1876,11.555555555555555,92.03539823008849,0.38461538461538464,1.1304347826086956,27.615384615384617,8.03731343283582,20.615384615384617,92
DS Lehmann,2,18,19,2,3,0,0,0,0,9.0,94.73684210526315,0.6666666666666666,9.0,,,,2
DS Rathi,13,1,4,1,0,0,14,435,321,1.0,25.0,0.0,0.07692307692307693,31.071428571428573,8.130841121495328,22.928571428571427,13
DT Christian,49,460,408,31,23,19,40,1218,922,14.838709677419354,112.74509803921569,0.44782608695652176,9.387755102040817,30.45,7.926247288503254,23.05,49
DT Patil,2,13,13,2,1,0,0,0,0,6.5,100.0,0.3076923076923077,6.5,,,,2
DW Steyn,95,167,163,22,14,3,105,2583,2282,7.590909090909091,102.45398773006136,0.4431137724550898,1.7578947368421052,24.6,6.791411042944786,21.733333333333334,95
Dhruv Jurel,35,680,456,24,51,38,0,0,0,28.333333333333332,149.12280701754386,0.6352941176470588,19.428571428571427,,,,35
E Lewis,26,654,499,24,62,36,0,0,0,27.25,131.06212424849699,0.709480122324159,25.153846153846153,,,,26
E Malinga,7,0,0,0,0,0,14,244,165,,,,0.0,17.428571428571427,8.872727272727273,11.785714285714286,7
EJG Morgan,74,1406,1181,61,112,64,0,0,0,23.049180327868854,119.05165114309906,0.5917496443812233,19.0,,,,74
ER Dwivedi,2,24,15,2,2,2,0,0,0,12.0,160.0,0.8333333333333334,12.0,,,,2
F Behardien,3,14,13,2,2,0,0,0,0,7.0,107.6923076923077,0.5714285714285714,4.666666666666667,,,,3
F du Plessis,147,4773,3605,136,440,174,0,16,6,35.095588235294116,132.39944521497918,0.5874711921223549,32.46938775510204,,16.0,,147
FA Allen,5,14,19,2,1,0,2,136,91,7.0,73.68421052631578,0.2857142857142857,2.8,68.0,8.967032967032967,45.5,5
FH Edwards,6,4,5,1,0,0,6,160,150,4.0,80.0,0.0,0.6666666666666666,26.666666666666668,6.4,25.0,6
FY Fazal,12,183,179,10,22,1,1,20,12,18.3,102.23463687150837,0.5136612021857924,15.25,20.0,10.0,12.0,12
Fazalhaq Farooqi,12,5,15,0,0,0,6,440,266,,33.33333333333333,0.0,0.4166666666666667,73.33333333333333,9.924812030075188,44.333333333333336,12
G Coetzee,14,31,33,6,2,2,15,490,292,5.166666666666667,93.93939393939394,0.6451612903225806,2.2142857142857144,32.666666666666664,10.068493150684931,19.466666666666665,14
G Gambhir,151,4217,3524,135,492,59,0,0,0,31.237037037037037,119.66515323496027,0.550628408821437,27.927152317880793,,,,151
GB Hogg,21,22,22,3,1,0,25,585,466,7.333333333333333,100.0,0.18181818181818182,1.0476190476190477,23.4,7.532188841201716,18.64,21
GC Smith,29,739,691,26,94,9,0,0,0,28.423076923076923,106.9464544138929,0.5818673883626523,25.482758620689655,,,,29
GC Viljoen,6,3,7,2,0,0,8,229,146,1.5,42.857142857142854,0.0,0.5,28.625,9.41095890410959,18.25,6
GD McGrath,14,4,5,1,1,0,14,366,329,4.0,80.0,1.0,0.2857142857142857,26.142857142857142,6.674772036474164,23.5,14
GD Phillips,8,65,55,7,3,6,2,40,31,9.285714285714286,118.18181818181819,0.7384615384615385,8.125,20.0,7.741935483870967,15.5,8
GH Vihari,23,284,331,20,23,1,1,48,43,14.2,85.80060422960725,0.34507042253521125,12.347826086956522,48.0,6.697674418604651,43.0,23
GHS Garton,5,2,4,1,0,0,3,136,97,2.0,50.0,0.0,0.4,45.333333333333336,8.412371134020617,32.333333333333336,5
GJ Bailey,36,663,552,27,59,19,0,0,0,24.555555555555557,120.1086956521739,0.5279034690799397,18.416666666666668,,,,36
GJ Maxwell,140,2820,1896,118,238,161,45,1422,1047,23.89830508474576,148.73417721518987,0.6801418439716312,20.142857142857142,31.6,8.148997134670488,23.266666666666666,140
GR Napier,1,15,16,1,1,0,1,28,24,15.0,93.75,0.26666666666666666,15.0,28.0,7.0,24.0,1
GS Sandhu,2,0,0,0,0,0,1,86,48,,,,0.0,86.0,10.75,48.0,2
Gagandeep Singh,4,0,0,0,0,0,3,142,84,,,,0.0,47.333333333333336,10.142857142857142,28.0,4
Gulbadin Naib,2,19,15,1,1,1,0,12,6,19.0,126.66666666666666,0.5263157894736842,9.5,,12.0,,2
Gurkeerat Singh,32,511,436,24,55,11,5,97,82,21.291666666666668,117.20183486238531,0.5596868884540117,15.96875,19.4,7.097560975609756,16.4,32
Gurnoor Brar,1,0,0,0,0,0,0,42,21,,,,0.0,,12.0,,1
H Das,1,2,5,1,0,0,0,0,0,2.0,40.0,0.0,2.0,,,,1
H Klaasen,45,1480,907,37,98,89,0,0,0,40.0,163.1753031973539,0.6256756756756757,32.888888888888886,,,,45
H Sharma,2,0,0,0,0,0,0,62,30,,,,0.0,,12.4,,2
HC Brook,11,190,159,9,23,4,0,0,0,21.11111111111111,119.49685534591194,0.6105263157894737,17.272727272727273,,,,11
HE van der Dussen,3,22,25,2,2,0,0,0,0,11.0,88.0,0.36363636363636365,7.333333333333333,,,,3
HF Gurney,8,1,5,0,0,0,7,239,169,,20.0,0.0,0.125,34.142857142857146,8.485207100591715,24.142857142857142,8
HH Gibbs,36,886,837,32,83,31,0,0,0,27.6875,105.8542413381123,0.5846501128668171,24.61111111111111,,,,36
HH Pandya,149,2758,1962,98,207,150,84,2541,1714,28.142857142857142,140.57084607543325,0.6265409717186367,18.51006711409396,30.25,8.894982497082847,20.404761904761905,149
HM Amla,16,577,418,13,60,21,0,0,0,44.38461538461539,138.03827751196172,0.634315424610052,36.0625,,,,16
HR Shokeen,13,66,67,3,9,0,5,320,213,22.0,98.50746268656717,0.5454545454545454,5.076923076923077,64.0,9.014084507042254,42.6,13
HV Patel,117,270,241,28,16,15,168,3649,2570,9.642857142857142,112.03319502074689,0.5703703703703704,2.3076923076923075,21.720238095238095,8.519066147859922,15.297619047619047,117
Harbhajan Singh,163,833,636,54,79,42,161,4101,3496,15.425925925925926,130.9748427672956,0.6818727490996399,5.110429447852761,25.472049689440993,7.0383295194508015,21.714285714285715,163
Harmeet Singh,28,18,12,3,3,0,31,747,574,6.0,150.0,0.6666666666666666,0.6428571428571429,24.096774193548388,7.808362369337979,18.516129032258064,28
Harpreet Brar,46,244,214,12,19,10,35,1097,826,20.333333333333332,114.01869158878503,0.5573770491803278,5.304347826086956,31.34285714285714,7.968523002421308,23.6,46
Harpreet Singh,8,123,119,7,10,3,0,0,0,17.571428571428573,103.36134453781514,0.4715447154471545,15.375,,,,8
Harsh Dubey,3,0,0,0,0,0,5,98,61,,,,0.0,19.6,9.639344262295083,12.2,3
Harshit Rana,32,59,57,6,5,3,42,1047,679,9.833333333333334,103.50877192982458,0.6440677966101694,1.84375,24.928571428571427,9.251840942562591,16.166666666666668,32
I Malhotra,1,7,4,0,1,0,0,23,6,,175.0,0.5714285714285714,7.0,,23.0,,1
I Sharma,117,57,71,6,4,2,100,3465,2546,9.5,80.28169014084507,0.49122807017543857,0.48717948717948717,34.65,8.165750196386488,25.46,117
I Udana,10,15,11,3,1,1,8,286,182,5.0,136.36363636363635,0.6666666666666666,1.5,35.75,9.428571428571429,22.75,10
IC Pandey,24,0,2,1,0,0,19,609,469,0.0,0.0,,0.0,32.05263157894737,7.791044776119403,24.68421052631579,24
IC Porel,1,0,0,0,0,0,1,42,26,,,,0.0,42.0,9.692307692307693,26.0,1
IK Pathan,102,1150,985,53,88,38,99,2711,2113,21.69811320754717,116.75126903553299,0.5043478260869565,11.27450980392157,27.383838383838384,7.698059630856601,21.343434343434343,102
IR Jaggi,7,76,100,5,6,0,0,0,0,15.2,76.0,0.3157894736842105,10.857142857142858,,,,7
IS Sodhi,8,7,18,2,0,0,9,204,182,3.5,38.88888888888889,0.0,0.875,22.666666666666668,6.725274725274725,20.22222222222222,8
Imran Tahir,59,33,37,4,5,0,86,1729,1340,8.25,89.1891891891892,0.6060606060606061,0.559322033898305,20.1046511627907,7.741791044776119,15.581395348837209,59
Iqbal Abdulla,48,88,86,2,9,1,45,1125,943,44.0,102.32558139534885,0.4772727272727273,1.8333333333333333,25.0,7.158006362672323,20.955555555555556,48
Ishan Kishan,112,2998,2237,103,288,134,0,4,1,29.106796116504853,134.01877514528385,0.6524349566377585,26.767857142857142,,24.0,,112
J Arunkumar,3,23,24,3,5,0,0,0,0,7.666666666666667,95.83333333333334,0.8695652173913043,7.666666666666667,,,,3
J Botha,34,409,364,20,39,5,27,818,709,20.45,112.36263736263736,0.4547677261613692,12.029411764705882,30.296296296296298,6.922425952045134,26.25925925925926,34
J Fraser-McGurk,15,385,203,15,39,30,0,0,0,25.666666666666668,189.6551724137931,0.8727272727272727,25.666666666666668,,,,15
J Little,11,0,0,0,0,0,13,341,236,,,,0.0,26.23076923076923,8.669491525423728,18.153846153846153,11
J Overton,3,15,7,0,1,1,0,84,41,,214.28571428571428,0.6666666666666666,5.0,,12.292682926829269,,3
J Suchith,21,70,62,4,6,3,20,604,434,17.5,112.90322580645163,0.6,3.3333333333333335,30.2,8.350230414746544,21.7,21
J Syed Mohammad,11,29,27,2,4,0,10,286,196,14.5,107.40740740740742,0.5517241379310345,2.6363636363636362,28.6,8.755102040816327,19.6,11
J Theron,10,10,13,2,1,0,13,311,235,5.0,76.92307692307693,0.4,1.0,23.923076923076923,7.940425531914894,18.076923076923077,10
J Yadav,20,40,38,4,2,1,9,447,398,10.0,105.26315789473684,0.35,2.0,49.666666666666664,6.738693467336684,44.22222222222222,20
JA Morkel,90,975,712,40,61,55,96,2409,1807,24.375,136.93820224719101,0.5887179487179487,10.833333333333334,25.09375,7.998893193137797,18.822916666666668,90
JA Richardson,4,17,27,3,2,0,3,162,94,5.666666666666667,62.96296296296296,0.47058823529411764,4.25,54.0,10.340425531914894,31.333333333333332,4
JC Archer,52,262,183,19,14,18,61,1655,1279,13.789473684210526,143.16939890710384,0.6259541984732825,5.038461538461538,27.131147540983605,7.763878029710712,20.9672131147541,52
JC Buttler,119,4121,2856,104,408,185,0,0,0,39.625,144.29271708683473,0.6653724824071827,34.63025210084034,,,,119
JD Ryder,29,604,466,28,69,19,11,314,241,21.571428571428573,129.6137339055794,0.6456953642384106,20.82758620689655,28.545454545454547,7.817427385892117,21.90909090909091,29
JD Unadkat,111,197,170,16,16,7,121,3396,2340,12.3125,115.88235294117648,0.5380710659898477,1.7747747747747749,28.06611570247934,8.707692307692307,19.33884297520661,111
JDP Oram,15,106,110,8,6,5,13,362,244,13.25,96.36363636363636,0.5094339622641509,7.066666666666666,27.846153846153847,8.901639344262296,18.76923076923077,15
JDS Neesham,14,92,93,9,6,2,8,342,222,10.222222222222221,98.9247311827957,0.391304347826087,6.571428571428571,42.75,9.243243243243244,27.75,14
JE Root,2,10,15,1,1,0,0,15,12,10.0,66.66666666666666,0.4,5.0,,7.5,,2
JE Taylor,5,3,4,1,0,0,6,167,122,3.0,75.0,0.0,0.6,27.833333333333332,8.213114754098362,20.333333333333332,5
JEC Franklin,19,327,309,11,25,9,9,225,155,29.727272727272727,105.8252427184466,0.4709480122324159,17.210526315789473,25.0,8.70967741935484,17.22222222222222,19
JG Bethell,2,67,39,2,9,3,0,0,0,33.5,171.7948717948718,0.8059701492537313,33.5,,,,2
JH Kallis,98,2427,2291,84,255,44,74,2348,1799,28.892857142857142,105.93627237014405,0.5290482076637825,24.76530612244898,31.72972972972973,7.8310172317954425,24.31081081081081,98
JJ Bumrah,145,68,81,6,5,1,203,4162,3474,11.333333333333334,83.9506172839506,0.38235294117647056,0.4689655172413793,20.502463054187192,7.1882556131260795,17.113300492610836,145
JJ Roy,21,614,460,19,75,21,0,0,0,32.31578947368421,133.47826086956522,0.6938110749185668,29.238095238095237,,,,21
JJ van der Wath,3,18,17,2,1,1,3,134,76,9.0,105.88235294117648,0.5555555555555556,6.0,44.666666666666664,10.578947368421053,25.333333333333332,3
JL Denly,1,0,1,1,0,0,0,0,0,0.0,0.0,,0.0,,,,1
JL Pattinson,10,15,13,1,2,0,11,321,222,15.0,115.38461538461537,0.5333333333333333,1.5,29.181818181818183,8.675675675675675,20.181818181818183,10
JM Bairstow,52,1674,1181,48,173,74,0,0,0,34.875,141.7442845046571,0.6786140979689367,32.19230769230769,,,,52
JM Kemp,5,26,25,2,1,1,3,58,47,13.0,104.0,0.38461538461538464,5.2,19.333333333333332,7.404255319148937,15.666666666666666,5
JM Sharma,47,991,656,39,77,62,0,0,0,25.41025641025641,151.0670731707317,0.686175580221998,21.085106382978722,,,,47
JO Holder,46,259,217,21,13,18,59,1489,1049,12.333333333333334,119.35483870967742,0.6177606177606177,5.630434782608695,25.23728813559322,8.516682554814109,17.779661016949152,46
JP Behrendorff,17,6,9,0,0,0,22,563,379,,66.66666666666666,0.0,0.35294117647058826,25.59090909090909,8.91292875989446,17.227272727272727,17
JP Duminy,79,2029,1680,51,126,79,23,847,701,39.78431372549019,120.77380952380952,0.4820108427796944,25.68354430379747,36.82608695652174,7.249643366619116,30.47826086956522,79
JP Faulkner,60,527,406,26,36,23,76,1849,1287,20.26923076923077,129.80295566502463,0.5351043643263758,8.783333333333333,24.32894736842105,8.62004662004662,16.93421052631579,60
JP Inglis,11,278,177,9,26,16,0,0,0,30.88888888888889,157.06214689265536,0.7194244604316546,25.272727272727273,,,,11
JPR Scantlebury-Searles,3,8,6,1,0,1,2,89,45,8.0,133.33333333333331,0.75,2.6666666666666665,44.5,11.866666666666667,22.5,3
JR Hazlewood,39,19,30,0,1,0,58,1219,892,,63.33333333333333,0.21052631578947367,0.48717948717948717,21.017241379310345,8.199551569506728,15.379310344827585,39
JR Hopes,20,417,314,16,49,11,14,562,369,26.0625,132.80254777070064,0.6282973621103117,20.85,40.142857142857146,9.138211382113822,26.357142857142858,20
JR Philippe,5,78,80,4,9,1,0,0,0,19.5,97.5,0.5384615384615384,15.6,,,,5
JW Hastings,3,0,0,0,0,0,3,66,61,,,,0.0,22.0,6.491803278688525,20.333333333333332,3
Jalaj S Saxena,1,0,0,0,0,0,0,27,18,,,,0.0,,9.0,,1
Jaskaran Singh,7,8,11,1,0,0,6,174,111,8.0,72.72727272727273,0.0,1.1428571428571428,29.0,9.405405405405405,18.5,7
Joginder Sharma,16,36,30,4,1,2,13,421,272,9.0,120.0,0.4444444444444444,2.25,32.38461538461539,9.286764705882353,20.923076923076923,16
K Goel,16,218,239,14,17,9,0,94,67,15.571428571428571,91.21338912133892,0.5596330275229358,13.625,,8.417910447761194,,16
K Gowtham,36,247,159,18,15,17,22,825,599,13.722222222222221,155.34591194968556,0.6558704453441295,6.861111111111111,37.5,8.263772954924875,27.227272727272727,36
K Kartikeya,16,12,18,4,1,0,12,412,290,3.0,66.66666666666666,0.3333333333333333,0.75,34.333333333333336,8.524137931034483,24.166666666666668,16
K Khejroliya,8,0,0,0,0,0,6,250,148,,,,0.0,41.666666666666664,10.135135135135135,24.666666666666668,8
K Rabada,84,215,216,17,16,9,128,2816,1995,12.647058823529411,99.53703703703704,0.5488372093023256,2.5595238095238093,22.0,8.469172932330826,15.5859375,84
K Santokie,2,0,0,0,0,0,3,91,51,,,,0.0,30.333333333333332,10.705882352941176,17.0,2
K Upadhyay,3,12,9,0,0,1,0,81,56,,133.33333333333331,0.5,4.0,,8.678571428571429,,3
K Yadav,3,0,4,0,0,0,2,85,54,,0.0,,0.0,42.5,9.444444444444445,27.0,3
KA Jamieson,13,65,60,4,5,3,14,418,273,16.25,108.33333333333333,0.5846153846153846,5.0,29.857142857142858,9.186813186813186,19.5,13
KA Maharaj,2,1,2,1,0,0,2,39,36,1.0,50.0,0.0,0.5,19.5,6.5,18.0,2
KA Pollard,179,3437,2447,121,221,224,81,2200,1586,28.40495867768595,140.45770331017573,0.6482397439627582,19.201117318435752,27.160493827160494,8.32282471626734,19.580246913580247,179
KAJ Roach,2,10,9,1,1,0,0,80,52,10.0,111.11111111111111,0.4,5.0,,9.230769230769232,,2
KB Arun Karthik,8,51,53,5,4,1,0,0,0,10.2,96.22641509433963,0.43137254901960786,6.375,,,,8
KC Cariappa,11,24,21,3,0,2,8,349,224,8.0,114.28571428571428,0.5,2.1818181818181817,43.625,9.348214285714285,28.0,11
KC Sangakkara,68,1687,1424,65,195,27,0,0,0,25.953846153846154,118.4691011235955,0.5583876704208655,24.808823529411764,,,,68
KD Karthik,233,4843,3687,184,466,161,0,0,0,26.320652173913043,131.35340385136968,0.5843485442907289,20.78540772532189,,,,233
KH Pandya,142,1756,1376,81,153,65,97,3024,2466,21.679012345679013,127.61627906976744,0.570615034168565,12.366197183098592,31.175257731958762,7.357664233576642,25.422680412371133,142
KJ Abbott,5,13,8,1,0,1,2,182,102,13.0,162.5,0.46153846153846156,2.6,91.0,10.705882352941176,51.0,5
KK Ahmed,71,2,9,5,0,0,94,2372,1635,0.4,22.22222222222222,0.0,0.028169014084507043,25.23404255319149,8.704587155963303,17.393617021276597,71
KK Cooper,25,116,70,9,9,8,36,789,600,12.88888888888889,165.71428571428572,0.7241379310344828,4.64,21.916666666666668,7.89,16.666666666666668,25
KK Nair,76,1694,1314,71,185,49,0,0,0,23.859154929577464,128.9193302891933,0.6103896103896104,22.289473684210527,,,,76
KL Nagarkoti,12,22,34,4,1,0,5,287,185,5.5,64.70588235294117,0.18181818181818182,1.8333333333333333,57.4,9.308108108108108,37.0,12
KL Rahul,135,5235,3947,114,453,208,0,0,0,45.921052631578945,132.63237902204204,0.5845272206303725,38.77777777777778,,,,135
KM Asif,7,0,2,1,0,0,7,232,143,0.0,0.0,,0.0,33.142857142857146,9.734265734265735,20.428571428571427,7
KM Jadhav,81,1208,1012,54,102,40,0,0,0,22.37037037037037,119.36758893280633,0.5364238410596026,14.91358024691358,,,,81
KMA Paul,8,18,26,4,1,1,10,239,180,4.5,69.23076923076923,0.5555555555555556,2.25,23.9,7.966666666666667,18.0,8
KMDN Kulasekara,5,5,3,0,1,0,6,122,107,,166.66666666666669,0.8,1.0,20.333333333333332,6.841121495327103,17.833333333333332,5
KP Appanna,13,2,4,1,0,0,11,291,222,2.0,50.0,0.0,0.15384615384615385,26.454545454545453,7.864864864864865,20.181818181818183,13
KP Pietersen,36,1001,758,28,91,40,9,218,180,35.75,132.05804749340368,0.6033966033966034,27.805555555555557,24.22222222222222,7.266666666666667,20.0,36
KR Mayers,13,379,276,13,38,22,0,59,46,29.153846153846153,137.31884057971016,0.7493403693931399,29.153846153846153,,7.695652173913043,,13
KR Sen,12,0,3,0,0,0,14,396,255,,0.0,,0.0,28.285714285714285,9.31764705882353,18.214285714285715,12
KS Bharat,8,199,168,7,12,8,0,0,0,28.428571428571427,118.45238095238095,0.4824120603015075,24.875,,,,8
KS Rathore,1,0,5,1,0,0,0,0,0,0.0,0.0,,0.0,,,,1
KS Sharma,3,16,25,3,1,0,0,0,0,5.333333333333333,64.0,0.25,5.333333333333333,,,,3
KS Williamson,76,2132,1734,59,187,64,0,31,18,36.13559322033898,122.95271049596307,0.5309568480300187,28.05263157894737,,10.333333333333334,,76
KT Maphaka,4,8,3,0,2,0,2,148,71,,266.66666666666663,1.0,2.0,74.0,12.507042253521126,35.5,4
KV Sharma,88,352,307,26,20,17,89,2263,1611,13.538461538461538,114.65798045602607,0.5170454545454546,4.0,25.426966292134832,8.42830540037244,18.10112359550562,88
KW Richardson,15,36,39,3,2,1,21,479,345,12.0,92.3076923076923,0.3888888888888889,2.4,22.80952380952381,8.330434782608696,16.428571428571427,15
Kamran Akmal,6,128,78,5,13,8,0,0,0,25.6,164.1025641025641,0.78125,21.333333333333332,,,,6
Kamran Khan,9,3,5,1,0,0,14,248,177,3.0,60.0,0.0,0.3333333333333333,17.714285714285715,8.40677966101695,12.642857142857142,9
Karanveer Singh,9,12,17,1,1,0,14,323,213,12.0,70.58823529411765,0.3333333333333333,1.3333333333333333,23.071428571428573,9.098591549295774,15.214285714285714,9
Karim Janat,1,0,0,0,0,0,0,30,6,,,,0.0,,30.0,,1
Kartik Tyagi,20,13,16,4,1,0,16,720,458,3.25,81.25,0.3076923076923077,0.65,45.0,9.43231441048035,28.625,20
Kuldeep Yadav,98,201,240,14,18,3,106,2805,2110,14.357142857142858,83.75,0.44776119402985076,2.0510204081632653,26.462264150943398,7.976303317535544,19.90566037735849,98
Kumar Kushagra,3,3,7,3,0,0,0,0,0,1.0,42.857142857142854,0.0,1.0,,,,3
L Ablish,3,0,2,0,0,0,5,76,45,,0.0,,0.0,15.2,10.133333333333333,9.0,3
L Balaji,73,36,50,7,2,1,85,2083,1574,5.142857142857143,72.0,0.3888888888888889,0.4931506849315068,24.50588235294118,7.940279542566709,18.51764705882353,73
L Ngidi,16,0,2,0,0,0,32,541,390,,0.0,,0.0,16.90625,8.323076923076924,12.1875,16
L Ronchi,5,34,37,5,6,1,0,0,0,6.8,91.8918918918919,0.8823529411764706,6.8,,,,5
L Wood,2,9,3,0,0,1,1,94,38,,300.0,0.6666666666666666,4.5,94.0,14.842105263157896,38.0,2
LA Carseldine,5,81,71,4,11,0,1,6,7,20.25,114.08450704225352,0.5432098765432098,16.2,6.0,5.142857142857142,7.0,5
LA Pomersbach,16,302,251,11,25,13,0,0,0,27.454545454545453,120.3187250996016,0.5894039735099338,18.875,,,,16
LB Williams,2,1,2,0,0,0,1,74,42,,50.0,0.0,0.5,74.0,10.571428571428571,42.0,2
LE Plunkett,7,1,3,1,0,0,4,228,154,1.0,33.33333333333333,0.0,0.14285714285714285,57.0,8.883116883116882,38.5,7
LH Ferguson,49,72,49,3,7,2,63,1558,1078,24.0,146.9387755102041,0.5555555555555556,1.469387755102041,24.73015873015873,8.67161410018553,17.11111111111111,49
LI Meriwala,1,0,0,0,0,0,1,32,19,,,,0.0,32.0,10.105263157894738,19.0,1
LJ Wright,7,106,63,5,16,3,2,125,75,21.2,168.25396825396825,0.7735849056603774,15.142857142857142,62.5,10.0,37.5,7
LMP Simmons,29,1079,878,27,109,44,1,34,18,39.96296296296296,122.89293849658314,0.6487488415199258,37.206896551724135,34.0,11.333333333333334,18.0,29
LPC Silva,3,40,27,2,5,1,0,21,6,20.0,148.14814814814815,0.65,13.333333333333334,,21.0,,3
LR Shukla,43,405,358,27,33,16,17,458,326,15.0,113.12849162011173,0.562962962962963,9.418604651162791,26.941176470588236,8.429447852760736,19.176470588235293,43
LRPL Taylor,54,1017,847,40,66,46,0,24,13,25.425,120.07083825265643,0.5309734513274337,18.833333333333332,,11.076923076923078,,54
LS Livingstone,48,1051,699,40,70,75,13,471,321,26.275,150.3576537911302,0.6945765937202664,21.895833333333332,36.23076923076923,8.80373831775701,24.692307692307693,48
Lalit Yadav,25,305,301,16,27,7,11,430,294,19.0625,101.32890365448506,0.4918032786885246,12.2,39.09090909090909,8.775510204081632,26.727272727272727,25
Liton Das,1,4,4,1,1,0,0,0,0,4.0,100.0,1.0,4.0,,,,1
M Ashwin,44,35,50,9,2,1,35,1182,898,3.888888888888889,70.0,0.4,0.7954545454545454,33.77142857142857,7.8975501113585755,25.65714285714286,44
M Jansen,35,141,136,11,8,6,38,1180,787,12.818181818181818,103.6764705882353,0.48226950354609927,4.0285714285714285,31.05263157894737,8.996188055908513,20.710526315789473,35
M Kaif,22,259,258,18,22,6,0,0,0,14.38888888888889,100.3875968992248,0.47876447876447875,11.772727272727273,,,,22
M Kartik,55,113,109,7,7,1,39,1418,1182,16.142857142857142,103.6697247706422,0.3008849557522124,2.0545454545454547,36.35897435897436,7.197969543147208,30.307692307692307,55
M Klinger,4,73,78,4,9,0,0,0,0,18.25,93.58974358974359,0.4931506849315068,18.25,,,,4
M Manhas,38,514,486,23,43,10,0,42,42,22.347826086956523,105.76131687242798,0.45136186770428016,13.526315789473685,,6.0,,38
M Markande,37,48,44,3,5,1,37,1081,737,16.0,109.09090909090908,0.5416666666666666,1.2972972972972974,29.216216216216218,8.800542740841248,19.91891891891892,37
M Morkel,70,126,93,10,11,5,88,2136,1699,12.6,135.48387096774192,0.5873015873015873,1.8,24.272727272727273,7.543260741612713,19.306818181818183,70
M Muralitharan,66,20,30,6,1,0,67,1765,1581,3.3333333333333335,66.66666666666666,0.2,0.30303030303030304,26.34328358208955,6.698292220113852,23.597014925373134,66
M Ntini,9,11,19,1,2,0,8,257,213,11.0,57.89473684210527,0.7272727272727273,1.2222222222222223,32.125,7.23943661971831,26.625,9
M Pathirana,32,0,0,0,0,0,53,1047,787,,,,0.0,19.754716981132077,7.982210927573063,14.849056603773585,32
M Prasidh Krishna,66,9,24,3,0,0,80,2247,1595,3.0,37.5,0.0,0.13636363636363635,28.0875,8.452664576802508,19.9375,66
M Rawat,11,55,70,5,4,1,0,0,0,11.0,78.57142857142857,0.4,5.0,,,,11
M Shahrukh Khan,48,732,517,34,46,50,1,29,18,21.529411764705884,141.58607350096713,0.6612021857923497,15.25,29.0,9.666666666666666,18.0,48
M Siddharth,5,0,0,0,0,0,3,140,101,,,,0.0,46.666666666666664,8.316831683168317,33.666666666666664,5
M Theekshana,38,17,34,3,0,1,36,1226,902,5.666666666666667,50.0,0.35294117647058826,0.4473684210526316,34.05555555555556,8.15521064301552,25.055555555555557,38
M Tiwari,2,3,4,1,0,0,0,14,6,3.0,75.0,0.0,1.5,,14.0,,2
M Vijay,105,2619,2208,100,247,91,0,49,37,26.19,118.61413043478262,0.5857197403589156,24.942857142857143,,7.945945945945946,,105
M Vohra,51,1083,863,49,104,43,0,0,0,22.102040816326532,125.49246813441484,0.6223453370267775,21.235294117647058,,,,51
M de Lange,5,1,2,1,0,0,6,171,116,1.0,50.0,0.0,0.2,28.5,8.844827586206897,19.333333333333332,5
MA Agarwal,125,2764,2146,120,275,100,0,0,0,23.033333333333335,128.7977632805219,0.6150506512301013,22.112,,,,125
MA Khote,3,24,22,2,2,1,2,52,30,12.0,109.09090909090908,0.5833333333333334,8.0,26.0,10.4,15.0,3
MA Starc,51,111,120,11,11,0,78,1588,1124,10.090909090909092,92.5,0.3963963963963964,2.176470588235294,20.358974358974358,8.476868327402135,14.41025641025641,51
MA Wood,5,12,10,2,1,1,11,192,127,6.0,120.0,0.8333333333333334,2.4,17.454545454545453,9.070866141732283,11.545454545454545,5
MB Parmar,1,0,0,0,0,0,0,33,19,,,,0.0,,10.421052631578949,,1
MC Henriques,62,1000,801,36,87,28,46,1302,979,27.77777777777778,124.84394506866417,0.516,16.129032258064516,28.304347826086957,7.9795709908069465,21.282608695652176,62
MC Juneja,7,125,134,7,11,1,0,0,0,17.857142857142858,93.28358208955224,0.4,17.857142857142858,,,,7
MD Mishra,17,237,213,16,24,8,0,0,0,14.8125,111.26760563380283,0.6075949367088608,13.941176470588236,,,,17
MD Shanaka,3,26,26,2,2,1,0,0,0,13.0,100.0,0.5384615384615384,8.666666666666666,,,,3
MDKJ Perera,2,14,13,2,3,0,0,0,0,7.0,107.6923076923077,0.8571428571428571,7.0,,,,2
MEK Hussey,58,1977,1648,51,198,52,0,0,0,38.76470588235294,119.96359223300972,0.5584218512898331,34.08620689655172,,,,58
MF Maharoof,20,177,124,10,12,9,33,532,441,17.7,142.74193548387098,0.576271186440678,8.85,16.12121212121212,7.238095238095238,13.363636363636363,20
MG Bracewell,5,58,49,2,6,1,6,95,66,29.0,118.36734693877551,0.5172413793103449,11.6,15.833333333333334,8.636363636363637,11.0,5
MG Johnson,54,167,168,13,10,7,66,1740,1301,12.846153846153847,99.40476190476191,0.49101796407185627,3.0925925925925926,26.363636363636363,8.024596464258263,19.71212121212121,54
MG Neser,1,0,0,0,0,0,0,62,25,,,,0.0,,14.879999999999999,,1
MJ Clarke,6,98,96,6,12,0,3,72,66,16.333333333333332,102.08333333333333,0.4897959183673469,16.333333333333332,24.0,6.545454545454546,22.0,6
MJ Guptill,13,271,197,12,24,15,0,0,0,22.583333333333332,137.56345177664974,0.6863468634686347,20.846153846153847,,,,13
MJ Henry,6,0,0,0,0,0,3,183,105,,,,0.0,61.0,10.457142857142857,35.0,6
MJ Lumb,12,278,198,12,45,6,0,0,0,23.166666666666668,140.4040404040404,0.7769784172661871,23.166666666666668,,,,12
MJ McClenaghan,56,85,73,12,5,7,75,1839,1346,7.083333333333333,116.43835616438356,0.7294117647058823,1.5178571428571428,24.52,8.197622585438335,17.946666666666665,56
MJ Owen,1,0,2,1,0,0,0,0,0,0.0,0.0,,0.0,,,,1
MJ Santner,31,110,111,8,6,6,26,744,617,13.75,99.09909909909909,0.5454545454545454,3.5483870967741935,28.615384615384617,7.235008103727715,23.73076923076923,31
MJ Suthar,1,1,2,1,0,0,0,26,12,1.0,50.0,0.0,1.0,,13.0,,1
MK Lomror,37,527,389,29,33,30,2,127,94,18.17241379310345,135.47557840616966,0.5920303605313093,14.243243243243244,63.5,8.106382978723405,47.0,37
MK Pandey,161,3951,3355,135,340,116,0,0,0,29.266666666666666,117.7645305514158,0.5203745887117186,24.540372670807454,,,,161
MK Tiwary,85,1695,1489,59,156,40,1,83,45,28.728813559322035,113.83478844862324,0.5097345132743363,19.941176470588236,83.0,11.066666666666666,45.0,85
ML Hayden,32,1107,839,31,121,44,0,0,0,35.70967741935484,131.94278903456495,0.6757000903342367,34.59375,,,,32
MM Ali,69,1167,865,53,95,67,46,1036,869,22.0188679245283,134.91329479768785,0.6700942587832048,16.91304347826087,22.52173913043478,7.153049482163405,18.891304347826086,69
MM Patel,63,39,41,6,5,0,82,1733,1382,6.5,95.1219512195122,0.5128205128205128,0.6190476190476191,21.134146341463413,7.523878437047757,16.853658536585368,63
MM Sharma,120,125,140,17,9,4,149,3537,2471,7.352941176470588,89.28571428571429,0.48,1.0416666666666667,23.738255033557046,8.588425738567382,16.583892617449663,120
MN Samuels,15,161,174,13,9,7,10,285,219,12.384615384615385,92.52873563218391,0.484472049689441,10.733333333333333,28.5,7.808219178082192,21.9,15
MN van Wyk,5,167,135,3,19,1,0,0,0,55.666666666666664,123.7037037037037,0.49101796407185627,33.4,,,,5
MP Breetzke,1,14,12,1,1,1,0,0,0,14.0,116.66666666666667,0.7142857142857143,14.0,,,,1
MP Stoinis,108,2026,1457,72,158,106,46,1477,922,28.13888888888889,139.0528483184626,0.6258637709772952,18.75925925925926,32.108695652173914,9.6117136659436,20.043478260869566,108
MP Yadav,6,0,0,0,0,0,10,188,129,,,,0.0,18.8,8.744186046511627,12.9,6
MR Marsh,55,1292,933,47,104,75,37,803,593,27.48936170212766,138.4780278670954,0.6702786377708978,23.490909090909092,21.7027027027027,8.1247892074199,16.027027027027028,55
MS Bhandage,1,1,4,1,0,0,0,0,0,1.0,25.0,0.0,1.0,,,,1
MS Bisla,39,798,737,38,93,23,0,0,0,21.0,108.27679782903662,0.6390977443609023,20.46153846153846,,,,39
MS Dhoni,241,5439,4101,142,375,264,0,0,0,38.30281690140845,132.626188734455,0.5670159955874241,22.568464730290458,,,,241
MS Gony,44,99,76,9,6,8,39,1317,925,11.0,130.26315789473685,0.7272727272727273,2.25,33.76923076923077,8.542702702702703,23.71794871794872,44
MS Wade,14,183,185,14,23,2,0,0,0,13.071428571428571,98.91891891891892,0.5683060109289617,13.071428571428571,,,,14
MV Boucher,23,394,318,14,32,13,0,0,0,28.142857142857142,123.89937106918238,0.5228426395939086,17.130434782608695,,,,23
MW Short,6,117,99,6,15,4,0,25,25,19.5,118.18181818181819,0.717948717948718,19.5,,6.0,,6
Mandeep Singh,97,1706,1418,81,176,38,0,26,12,21.061728395061728,120.31029619181946,0.5463071512309496,17.587628865979383,,13.0,,97
Mashrafe Mortaza,1,2,2,0,0,0,1,59,28,,100.0,0.0,2.0,59.0,12.642857142857142,28.0,1
Mayank Dagar,8,0,1,1,0,0,2,205,138,0.0,0.0,,0.0,102.5,8.91304347826087,69.0,8
Misbah-ul-Haq,8,117,82,7,10,6,0,0,0,16.714285714285715,142.6829268292683,0.6495726495726496,14.625,,,,8
Mohammad Ashraful,1,2,12,1,0,0,0,0,0,2.0,16.666666666666664,0.0,2.0,,,,1
Mohammad Asif,8,3,6,2,0,0,9,307,199,1.5,50.0,0.0,0.375,34.111111111111114,9.256281407035177,22.11111111111111,8
Mohammad Hafeez,8,64,84,7,7,2,2,71,63,9.142857142857142,76.19047619047619,0.625,8.0,35.5,6.761904761904762,31.5,8
Mohammad Nabi,24,221,157,17,18,12,15,527,419,13.0,140.76433121019107,0.6515837104072398,9.208333333333334,35.13333333333333,7.5465393794749405,27.933333333333334,24
Mohammed Shami,119,84,93,14,7,2,150,3834,2708,6.0,90.32258064516128,0.47619047619047616,0.7058823529411765,25.56,8.49483013293944,18.053333333333335,119
Mohammed Siraj,108,112,127,9,10,4,112,3434,2448,12.444444444444445,88.18897637795276,0.5714285714285714,1.037037037037037,30.660714285714285,8.416666666666666,21.857142857142858,108
Mohit Rathee,1,1,2,0,0,0,0,29,12,,50.0,0.0,1.0,,14.5,,1
Mohsin Khan,23,25,27,3,2,1,27,698,507,8.333333333333334,92.5925925925926,0.56,1.0869565217391304,25.85185185185185,8.2603550295858,18.77777777777778,23
Monu Kumar,1,0,0,0,0,0,0,20,16,,,,0.0,,7.5,,1
Mujeeb Ur Rahman,20,12,15,3,2,0,21,626,465,4.0,80.0,0.6666666666666666,0.6,29.80952380952381,8.07741935483871,22.142857142857142,20
Mukesh Choudhary,16,6,6,1,1,0,17,523,334,6.0,100.0,0.6666666666666666,0.375,30.764705882352942,9.395209580838324,19.647058823529413,16
Mukesh Kumar,32,10,20,1,0,0,45,1118,675,10.0,50.0,0.0,0.3125,24.844444444444445,9.937777777777777,15.0,32
Musheer Khan,1,0,3,1,0,0,1,27,12,0.0,0.0,,0.0,27.0,13.5,12.0,1
Mustafizur Rahman,60,13,24,2,0,1,74,1879,1419,6.5,54.166666666666664,0.46153846153846156,0.21666666666666667,25.39189189189189,7.945031712473573,19.175675675675677,60
N Burger,5,0,0,0,0,0,7,152,105,,,,0.0,21.714285714285715,8.685714285714285,15.0,5
N Jagadeesan,10,162,155,9,21,2,0,0,0,18.0,104.51612903225806,0.5925925925925926,16.2,,,,10
N Pooran,86,2293,1433,68,158,167,0,0,0,33.720588235294116,160.0139567341242,0.7126035761011775,26.662790697674417,,,,86
N Rana,114,2853,2156,103,261,141,10,271,197,27.699029126213592,132.32838589981446,0.6624605678233438,25.026315789473685,27.1,8.253807106598984,19.7,114
N Saini,10,140,143,10,16,0,0,0,0,14.0,97.9020979020979,0.45714285714285713,14.0,,,,10
N Thushara,8,0,0,0,0,0,9,289,198,,,,0.0,32.111111111111114,8.757575757575758,22.0,8
N Wadhera,31,719,522,27,60,39,0,22,17,26.62962962962963,137.73946360153258,0.6592489568845619,23.193548387096776,,7.764705882352941,,31
NA Saini,1,0,0,0,0,0,0,35,15,,,,0.0,,14.0,,1
NB Singh,2,0,0,0,0,0,1,18,25,,,,0.0,18.0,4.319999999999999,25.0,2
ND Doshi,4,0,13,1,0,0,2,79,57,0.0,0.0,,0.0,39.5,8.31578947368421,28.5,4
NJ Maddinson,3,20,21,3,4,0,0,0,0,6.666666666666667,95.23809523809523,0.8,6.666666666666667,,,,3
NJ Rimmington,1,1,1,0,0,0,0,20,18,,100.0,0.0,1.0,,6.666666666666667,,1
NK Patel,6,121,124,4,14,1,0,0,0,30.25,97.58064516129032,0.512396694214876,20.166666666666668,,,,6
NL McCullum,2,26,23,1,0,1,0,35,30,26.0,113.04347826086956,0.23076923076923078,13.0,,7.0,,2
NLTC Perera,37,424,326,22,23,26,37,1031,715,19.272727272727273,130.06134969325154,0.5849056603773585,11.45945945945946,27.864864864864863,8.651748251748252,19.324324324324323,37
NM Coulter-Nile,38,82,75,11,7,4,52,1125,892,7.454545454545454,109.33333333333333,0.6341463414634146,2.1578947368421053,21.634615384615383,7.567264573991032,17.153846153846153,38
NS Naik,4,31,53,4,2,0,0,0,0,7.75,58.490566037735846,0.25806451612903225,7.75,,,,4
NT Ellis,17,19,26,4,0,1,20,553,390,4.75,73.07692307692307,0.3157894736842105,1.1176470588235294,27.65,8.507692307692308,19.5,17
NV Ojha,94,1554,1360,75,121,79,0,0,0,20.72,114.26470588235293,0.6164736164736164,16.53191489361702,,,,94
Naman Dhir,19,392,226,14,37,23,1,76,53,28.0,173.4513274336283,0.7295918367346939,20.63157894736842,76.0,8.60377358490566,53.0,19
Navdeep Saini,31,33,38,4,3,0,26,968,682,8.25,86.8421052631579,0.36363636363636365,1.064516129032258,37.23076923076923,8.516129032258064,26.23076923076923,31
Naveen-ul-Haq,17,18,26,1,2,0,26,602,407,18.0,69.23076923076923,0.4444444444444444,1.0588235294117647,23.153846153846153,8.874692874692876,15.653846153846153,17
Nithish Kumar Reddy,25,485,382,17,31,25,8,255,152,28.529411764705884,126.96335078534031,0.5649484536082474,19.4,31.875,10.06578947368421,19.0,25
Noor Ahmad,37,20,35,8,2,0,48,1088,827,2.5,57.14285714285714,0.4,0.5405405405405406,22.666666666666668,7.893591293833131,17.229166666666668,37
O Thomas,4,0,0,0,0,0,5,85,63,,,,0.0,17.0,8.095238095238095,12.6,4
OA Shah,22,506,405,15,34,23,0,0,0,33.733333333333334,124.93827160493827,0.541501976284585,23.0,,,,22
OC McCoy,8,8,5,1,0,1,11,255,180,8.0,160.0,0.75,1.0,23.181818181818183,8.5,16.363636363636363,8
OF Smith,6,51,50,3,1,5,7,179,95,17.0,102.0,0.6666666666666666,8.5,25.571428571428573,11.305263157894736,13.571428571428571,6
P Amarnath,6,0,0,0,0,0,7,241,132,,,,0.0,34.42857142857143,10.954545454545455,18.857142857142858,6
P Awana,33,5,14,2,0,0,43,1046,774,2.5,35.714285714285715,0.0,0.15151515151515152,24.325581395348838,8.108527131782946,18.0,33
P Chopra,1,8,6,1,2,0,0,0,0,8.0,133.33333333333331,1.0,8.0,,,,1
P Dogra,12,127,141,11,4,5,0,0,0,11.545454545454545,90.0709219858156,0.36220472440944884,10.583333333333334,,,,12
P Dubey,5,23,33,1,2,0,2,112,79,23.0,69.6969696969697,0.34782608695652173,4.6,56.0,8.506329113924052,39.5,5
P Kumar,119,340,323,38,22,17,102,3342,2637,8.947368421052632,105.26315789473684,0.5588235294117647,2.857142857142857,32.76470588235294,7.604095563139932,25.852941176470587,119
P Negi,46,365,301,26,27,16,38,954,733,14.038461538461538,121.26245847176081,0.5589041095890411,7.934782608695652,25.105263157894736,7.80900409276944,19.289473684210527,46
P Parameswaran,8,1,3,0,0,0,9,226,159,,33.33333333333333,0.0,0.125,25.11111111111111,8.528301886792454,17.666666666666668,8
P Prasanth,1,0,0,0,0,0,0,18,6,,,,0.0,,18.0,,1
P Ray Barman,1,19,25,1,2,0,0,56,24,19.0,76.0,0.42105263157894735,19.0,,14.0,,1
P Sahu,5,19,13,1,1,1,3,152,107,19.0,146.15384615384613,0.5263157894736842,3.8,50.666666666666664,8.52336448598131,35.666666666666664,5
P Simran Singh,52,1355,904,51,141,71,0,0,0,26.568627450980394,149.88938053097345,0.7306273062730627,26.057692307692307,,,,52
P Suyal,5,0,0,0,0,0,2,154,107,,,,0.0,77.0,8.63551401869159,53.5,5
PA Patel,136,2848,2442,126,365,49,0,0,0,22.603174603174605,116.62571662571663,0.6158707865168539,20.941176470588236,,,,136
PA Reddy,10,164,167,10,15,2,0,0,0,16.4,98.20359281437125,0.43902439024390244,16.4,,,,10
PBB Rajapaksa,13,277,201,13,22,15,0,0,0,21.307692307692307,137.81094527363186,0.6425992779783394,21.307692307692307,,,,13
PC Valthaty,23,505,432,22,61,20,7,207,153,22.954545454545453,116.89814814814814,0.7207920792079208,21.956521739130434,29.571428571428573,8.117647058823529,21.857142857142858,23
PD Collingwood,7,203,159,5,9,13,5,101,90,40.6,127.67295597484276,0.5615763546798029,29.0,20.2,6.733333333333333,18.0,7
PD Salt,34,1056,623,31,122,56,0,0,0,34.064516129032256,169.5024077046549,0.7803030303030303,31.058823529411764,,,,34
PH Solanki,2,0,0,0,0,0,2,39,36,,,,0.0,19.5,6.5,18.0,2
PHKD Mendis,5,92,72,4,7,2,2,60,42,23.0,127.77777777777777,0.43478260869565216,18.4,30.0,8.571428571428571,21.0,5
PJ Cummins,72,612,417,30,39,41,82,2436,1682,20.4,146.76258992805757,0.6568627450980392,8.5,29.70731707317073,8.689655172413794,20.51219512195122,72
PJ Sangwan,42,26,47,8,1,0,44,1267,905,3.25,55.319148936170215,0.15384615384615385,0.6190476190476191,28.795454545454547,8.4,20.568181818181817,42
PK Garg,19,273,247,18,16,9,0,0,0,15.166666666666666,110.5263157894737,0.43223443223443225,14.368421052631579,,,,19
PM Sarvesh Kumar,2,1,2,0,0,0,1,42,31,,50.0,0.0,0.5,42.0,8.129032258064516,31.0,2
PN Mankad,5,97,75,3,13,2,0,0,0,32.333333333333336,129.33333333333331,0.6597938144329897,19.4,,,,5
PP Chawla,192,624,580,54,56,20,201,5179,3895,11.555555555555555,107.58620689655172,0.5512820512820513,3.25,25.766169154228855,7.977920410783056,19.378109452736318,192
PP Ojha,90,16,45,11,0,0,99,2399,1945,1.4545454545454546,35.55555555555556,0.0,0.17777777777777778,24.232323232323232,7.40051413881748,19.646464646464647,90
PP Shaw,79,1892,1321,79,238,61,0,0,0,23.949367088607595,143.22482967448903,0.6966173361522199,23.949367088607595,,,,79
PR Shah,9,92,97,8,9,2,0,0,0,11.5,94.84536082474226,0.5217391304347826,10.222222222222221,,,,9
PSP Handscomb,1,6,12,1,0,0,0,0,0,6.0,50.0,0.0,6.0,,,,1
PV Tambe,33,18,39,2,1,0,28,866,674,9.0,46.15384615384615,0.2222222222222222,0.5454545454545454,30.928571428571427,7.70919881305638,24.071428571428573,33
PVD Chameera,19,53,46,4,3,3,15,640,408,13.25,115.21739130434783,0.5660377358490566,2.789473684210526,42.666666666666664,9.411764705882353,27.2,19
PVSN Raju,2,1,1,0,0,0,2,54,29,,100.0,0.0,0.5,27.0,11.172413793103448,14.5,2
PWA Mulder,1,9,12,1,1,0,0,16,6,9.0,75.0,0.4444444444444444,9.0,,16.0,,1
PWH de Silva,37,81,95,15,7,1,47,1134,808,5.4,85.26315789473684,0.41975308641975306,2.189189189189189,24.127659574468087,8.42079207920792,17.19148936170213,37
Pankaj Singh,17,7,12,2,0,0,11,472,311,3.5,58.333333333333336,0.0,0.4117647058823529,42.90909090909091,9.106109324758842,28.272727272727273,17
Parvez Rasool,11,17,20,2,1,0,4,273,200,8.5,85.0,0.23529411764705882,1.5454545454545454,68.25,8.19,50.0,11
Prince Yadav,6,5,11,0,0,0,5,226,144,,45.45454545454545,0.0,0.8333333333333334,45.2,9.416666666666666,28.8,6
Priyansh Arya,18,545,310,18,60,31,0,0,0,30.27777777777778,175.80645161290323,0.781651376146789,30.27777777777778,,,,18
Q de Kock,115,3312,2533,109,325,134,0,0,0,30.38532110091743,130.754046585077,0.6352657004830918,28.8,,,,115
R Ashwin,217,833,728,63,64,29,205,5721,4868,13.222222222222221,114.42307692307692,0.5162064825930373,3.838709677419355,27.90731707317073,7.0513557929334425,23.746341463414634,217
R Bhatia,94,342,290,30,24,13,82,2059,1661,11.4,117.9310344827586,0.5087719298245614,3.6382978723404253,25.109756097560975,7.437688139674895,20.25609756097561,94
R Bishnoi,3,19,17,3,1,2,0,0,0,6.333333333333333,111.76470588235294,0.8421052631578947,6.333333333333333,,,,3
R Dhawan,37,210,188,11,18,7,27,922,693,19.09090909090909,111.70212765957446,0.5428571428571428,5.675675675675675,34.148148148148145,7.982683982683983,25.666666666666668,37
R Dravid,82,2174,1918,77,269,28,0,0,0,28.233766233766232,113.34723670490095,0.5722171113155474,26.51219512195122,,,,82
R Goyal,1,0,0,0,0,0,0,34,24,,,,0.0,,8.5,,1
R McLaren,18,159,178,8,14,1,14,558,372,19.875,89.32584269662921,0.389937106918239,8.833333333333334,39.857142857142854,9.0,26.571428571428573,18
R Minz,2,6,16,2,0,0,0,0,0,3.0,37.5,0.0,3.0,,,,2
R Ninan,2,3,6,1,0,0,3,65,36,3.0,50.0,0.0,1.5,21.666666666666668,10.833333333333334,12.0,2
R Parag,75,1570,1156,61,112,87,9,478,309,25.737704918032787,135.81314878892735,0.6178343949044586,20.933333333333334,53.111111111111114,9.281553398058252,34.333333333333336,75
R Powell,23,365,261,20,22,28,1,35,21,18.25,139.84674329501917,0.7013698630136986,15.869565217391305,35.0,10.0,21.0,23
R Rampaul,12,51,52,5,3,2,17,319,278,10.2,98.07692307692307,0.47058823529411764,4.25,18.764705882352942,6.884892086330935,16.352941176470587,12
R Ravindra,18,413,298,17,40,16,0,7,12,24.294117647058822,138.59060402684565,0.6198547215496368,22.944444444444443,,3.5,,18
R Sai Kishore,25,18,16,4,0,2,32,655,453,4.5,112.5,0.6666666666666666,0.72,20.46875,8.675496688741722,14.15625,25
R Sanjay Yadav,1,0,2,1,0,0,0,23,14,0.0,0.0,,0.0,,9.857142857142856,,1
R Sathish,27,270,236,17,22,6,6,233,144,15.882352941176471,114.40677966101696,0.45925925925925926,10.0,38.833333333333336,9.708333333333334,24.0,27
R Sharma,44,66,77,13,5,3,42,1100,935,5.076923076923077,85.71428571428571,0.5757575757575758,1.5,26.19047619047619,7.0588235294117645,22.261904761904763,44
R Shepherd,17,185,93,7,12,17,12,416,223,26.428571428571427,198.9247311827957,0.8108108108108109,10.882352941176471,34.666666666666664,11.192825112107624,18.583333333333332,17
R Shukla,7,19,23,1,2,0,7,217,130,19.0,82.6086956521739,0.42105263157894735,2.7142857142857144,31.0,10.015384615384615,18.571428571428573,7
R Tewatia,90,1112,851,47,90,54,36,1117,866,23.659574468085108,130.66980023501762,0.6151079136690647,12.355555555555556,31.02777777777778,7.739030023094688,24.055555555555557,90
R Vinay Kumar,104,310,289,27,21,9,127,3041,2186,11.481481481481481,107.26643598615917,0.44516129032258067,2.980769230769231,23.944881889763778,8.346752058554438,17.212598425196852,104
RA Bawa,3,19,18,2,1,0,0,0,0,9.5,105.55555555555556,0.21052631578947367,6.333333333333333,,,,3
RA Jadeja,246,3260,2607,117,240,117,179,5242,4127,27.863247863247864,125.04794783275797,0.5098159509202455,13.252032520325203,29.28491620111732,7.6210322267991275,23.05586592178771,246
RA Shaikh,1,0,0,0,0,0,0,11,6,,,,0.0,,11.0,,1
RA Tripathi,98,2291,1707,88,229,85,0,12,6,26.03409090909091,134.21206795547744,0.6224356176342208,23.377551020408163,,12.0,,98
RD Chahar,78,129,127,15,13,5,76,2174,1703,8.6,101.5748031496063,0.6356589147286822,1.6538461538461537,28.605263157894736,7.6594245449207286,22.407894736842106,78
RD Gaikwad,70,2502,1863,62,231,95,0,0,0,40.354838709677416,134.29951690821255,0.5971223021582733,35.74285714285714,,,,70
RD Rickelton,14,388,266,13,47,17,0,0,0,29.846153846153847,145.86466165413535,0.7474226804123711,27.714285714285715,,,,14
RE Levi,6,83,74,6,10,4,0,0,0,13.833333333333334,112.16216216216218,0.7710843373493976,13.833333333333334,,,,6
RE van der Merwe,21,159,144,11,11,8,25,515,455,14.454545454545455,110.41666666666667,0.5786163522012578,7.571428571428571,20.6,6.791208791208792,18.2,21
RG More,2,2,2,0,0,0,1,63,37,,100.0,0.0,1.0,63.0,10.216216216216216,37.0,2
RG Sharma,266,7048,5475,236,640,303,16,462,349,29.864406779661017,128.73059360730593,0.6211691259931895,26.49624060150376,28.875,7.9426934097421205,21.8125,266
RJ Gleeson,3,2,2,0,0,0,2,111,73,,100.0,0.0,0.6666666666666666,55.5,9.123287671232877,36.5,3
RJ Harris,37,117,112,12,6,3,47,1085,865,9.75,104.46428571428572,0.358974358974359,3.1621621621621623,23.085106382978722,7.526011560693642,18.404255319148938,37
RJ Peterson,5,32,32,3,3,1,3,70,48,10.666666666666666,100.0,0.5625,6.4,23.333333333333332,8.75,16.0,5
RJ Quiney,7,103,105,7,12,3,0,0,0,14.714285714285714,98.09523809523809,0.6407766990291263,14.714285714285714,,,,7
RJW Topley,6,3,6,0,0,0,5,222,125,,50.0,0.0,0.5,44.4,10.656,25.0,6
RK Bhui,4,10,27,4,0,0,0,0,0,2.5,37.03703703703704,0.0,2.5,,,,4
RK Singh,51,1099,793,36,87,56,0,0,0,30.52777777777778,138.5876418663304,0.6223839854413102,21.54901960784314,,,,51
RM Patidar,38,1111,759,36,76,68,0,0,0,30.86111111111111,146.3768115942029,0.6408640864086409,29.236842105263158,,,,38
RN ten Doeschate,23,326,238,14,26,15,3,94,83,23.285714285714285,136.9747899159664,0.5950920245398773,14.173913043478262,31.333333333333332,6.795180722891566,27.666666666666668,23
RP Meredith,18,0,3,0,0,0,21,621,415,,0.0,,0.0,29.571428571428573,8.978313253012047,19.761904761904763,18
RP Singh,82,52,78,14,2,1,100,2417,1874,3.7142857142857144,66.66666666666666,0.2692307692307692,0.6341463414634146,24.17,7.738527214514408,18.74,82
RR Bhatkal,1,0,2,1,0,0,0,35,12,0.0,0.0,,0.0,,17.5,,1
RR Bose,1,0,0,0,0,0,0,24,12,,,,0.0,,12.0,,1
RR Pant,123,3566,2504,104,321,170,0,0,0,34.28846153846154,142.41214057507986,0.6461020751542345,28.991869918699187,,,,123
RR Powar,26,67,64,3,6,1,15,538,443,22.333333333333332,104.6875,0.44776119402985076,2.576923076923077,35.86666666666667,7.286681715575622,29.533333333333335,26
RR Raje,10,20,18,1,1,1,7,214,144,20.0,111.11111111111111,0.5,2.0,30.571428571428573,8.916666666666666,20.571428571428573,10
RR Rossouw,22,473,321,20,45,25,0,0,0,23.65,147.35202492211837,0.6976744186046512,21.5,,,,22
RR Sarwan,4,73,78,4,6,1,0,0,0,18.25,93.58974358974359,0.410958904109589,18.25,,,,4
RS Bopara,24,531,468,18,39,16,13,301,213,29.5,113.46153846153845,0.4745762711864407,22.125,23.153846153846153,8.47887323943662,16.384615384615383,24
RS Gavaskar,2,2,8,1,0,0,0,8,6,2.0,25.0,0.0,1.0,,8.0,,2
RS Hangargekar,2,0,0,0,0,0,3,60,43,,,,0.0,20.0,8.372093023255813,14.333333333333334,2
RS Sodhi,1,4,2,0,1,0,0,0,0,,200.0,1.0,4.0,,,,1
RT Ponting,9,91,129,9,5,2,0,0,0,10.11111111111111,70.54263565891473,0.3516483516483517,10.11111111111111,,,,9
RV Gomez,13,50,53,5,5,1,6,130,97,10.0,94.33962264150944,0.52,3.8461538461538463,21.666666666666668,8.041237113402062,16.166666666666668,13
RV Patel,7,80,76,5,6,2,0,22,20,16.0,105.26315789473684,0.45,11.428571428571429,,6.6,,7
RV Uthappa,197,4954,3927,180,481,182,0,0,0,27.522222222222222,126.15227909345556,0.6088009689140089,25.14720812182741,,,,197
RW Price,1,0,0,0,0,0,0,33,18,,,,0.0,,11.0,,1
Rahmanullah Gurbaz,18,363,283,17,34,22,0,0,0,21.352941176470587,128.26855123674912,0.7382920110192838,20.166666666666668,,,,18
Ramandeep Singh,21,217,142,11,9,17,6,64,45,19.727272727272727,152.8169014084507,0.6359447004608295,10.333333333333334,10.666666666666666,8.533333333333333,7.5,21
Rashid Khan,136,585,387,42,41,41,166,3863,3237,13.928571428571429,151.1627906976744,0.7008547008547008,4.301470588235294,23.271084337349397,7.160333642261353,19.5,136
Rasikh Salam,13,40,40,5,5,0,10,412,245,8.0,100.0,0.5,3.076923076923077,41.2,10.089795918367347,24.5,13
Ravi Bishnoi,76,45,68,10,2,2,77,2263,1693,4.5,66.17647058823529,0.4444444444444444,0.5921052631578947,29.38961038961039,8.020082693443591,21.98701298701299,76
S Anirudha,12,136,121,8,9,7,0,0,0,17.0,112.39669421487604,0.5735294117647058,11.333333333333334,,,,12
S Aravind,38,59,59,3,7,0,48,1057,788,19.666666666666668,100.0,0.4745762711864407,1.5526315789473684,22.020833333333332,8.048223350253807,16.416666666666668,38
S Badree,12,13,25,5,0,0,11,329,263,2.6,52.0,0.0,1.0833333333333333,29.90909090909091,7.505703422053232,23.90909090909091,12
S Badrinath,65,1441,1245,47,154,28,0,0,0,30.659574468085108,115.74297188755021,0.5440666204024983,22.16923076923077,,,,65
S Chanderpaul,3,25,33,3,4,0,0,0,0,8.333333333333334,75.75757575757575,0.64,8.333333333333334,,,,3
S Dhawan,221,6769,5483,193,768,153,4,72,49,35.07253886010363,123.45431333211745,0.5894519131334023,30.6289592760181,18.0,8.816326530612246,12.25,221
S Dube,76,1859,1366,61,108,122,6,223,130,30.475409836065573,136.09077598828696,0.6261430876815492,24.460526315789473,37.166666666666664,10.292307692307691,21.666666666666668,76
S Gopal,51,180,173,14,19,2,53,1358,1000,12.857142857142858,104.04624277456647,0.4888888888888889,3.5294117647058822,25.62264150943396,8.148,18.867924528301888,51
S Joseph,1,0,0,0,0,0,0,51,30,,,,0.0,,10.2,,1
S Kaul,55,20,36,4,1,0,63,1772,1238,5.0,55.55555555555556,0.2,0.36363636363636365,28.126984126984127,8.588045234248789,19.650793650793652,55
S Kaushik,10,0,1,1,0,0,6,304,210,0.0,0.0,,0.0,50.666666666666664,8.685714285714285,35.0,10
S Ladda,9,0,10,1,0,0,5,225,141,0.0,0.0,,0.0,45.0,9.574468085106384,28.2,9
S Lamichhane,9,0,1,1,0,0,14,297,211,0.0,0.0,,0.0,21.214285714285715,8.445497630331754,15.071428571428571,9
S Midhun,1,0,0,0,0,0,0,29,13,,,,0.0,,13.384615384615385,,1
S Nadeem,71,39,88,14,2,0,54,1800,1444,2.7857142857142856,44.31818181818182,0.20512820512820512,0.5492957746478874,33.333333333333336,7.4792243767313025,26.74074074074074,71
S Narwal,7,37,29,3,6,0,6,203,113,12.333333333333334,127.58620689655173,0.6486486486486487,5.285714285714286,33.833333333333336,10.778761061946904,18.833333333333332,7
S Rana,8,91,82,4,9,1,0,18,16,22.75,110.97560975609757,0.46153846153846156,11.375,,6.75,,8
S Randiv,8,2,4,1,0,0,8,223,180,2.0,50.0,0.0,0.25,27.875,7.433333333333334,22.5,8
S Sandeep Warrier,10,0,0,0,0,0,8,257,176,,,,0.0,32.125,8.761363636363637,22.0,10
S Sohal,20,368,311,20,34,18,0,0,0,18.4,118.32797427652733,0.6630434782608695,18.4,,,,20
S Sreesanth,44,34,57,4,6,0,43,1221,947,8.5,59.64912280701754,0.7058823529411765,0.7727272727272727,28.3953488372093,7.736008447729672,22.023255813953487,44
S Sriram,2,31,38,2,3,0,0,49,18,15.5,81.57894736842105,0.3870967741935484,15.5,,16.333333333333332,,2
S Tyagi,14,3,4,0,0,0,6,304,220,,75.0,0.0,0.21428571428571427,50.666666666666664,8.290909090909091,36.666666666666664,14
S Vidyut,8,145,115,8,21,3,1,22,13,18.125,126.08695652173914,0.7034482758620689,18.125,22.0,10.153846153846155,13.0,8
SA Abbott,3,22,18,3,1,2,1,104,59,7.333333333333333,122.22222222222223,0.7272727272727273,7.333333333333333,104.0,10.576271186440678,59.0,3
SA Asnodkar,19,423,352,19,56,10,0,0,0,22.263157894736842,120.17045454545455,0.6713947990543735,22.263157894736842,,,,19
SA Yadav,152,4311,2961,124,454,168,0,8,6,34.766129032258064,145.59270516717325,0.655068429598701,28.361842105263158,,8.0,,152
SB Bangar,10,49,58,6,1,3,6,221,153,8.166666666666666,84.48275862068965,0.4489795918367347,4.9,36.833333333333336,8.666666666666666,25.5,10
SB Dubey,11,139,87,6,9,10,0,0,0,23.166666666666668,159.77011494252872,0.6906474820143885,12.636363636363637,,,,11
SB Jakati,57,28,30,1,3,0,50,1474,1101,28.0,93.33333333333333,0.42857142857142855,0.49122807017543857,29.48,8.032697547683924,22.02,57
SB Joshi,4,6,16,2,0,0,1,82,55,3.0,37.5,0.0,1.5,82.0,8.945454545454545,55.0,4
SB Styris,12,131,134,7,10,3,9,278,222,18.714285714285715,97.76119402985076,0.44274809160305345,10.916666666666666,30.88888888888889,7.513513513513513,24.666666666666668,12
SB Wagh,8,2,3,2,0,0,5,147,108,1.0,66.66666666666666,0.0,0.25,29.4,8.166666666666666,21.6,8
SC Ganguly,57,1349,1326,53,137,42,12,370,280,25.452830188679247,101.73453996983409,0.5930318754633062,23.666666666666668,30.833333333333332,7.928571428571429,23.333333333333332,57
SC Kuggeleijn,2,0,0,0,0,0,2,71,50,,,,0.0,35.5,8.52,25.0,2
SD Chitnis,9,99,92,7,10,2,2,62,38,14.142857142857142,107.6086956521739,0.5252525252525253,11.0,31.0,9.789473684210527,19.0,9
SD Hope,9,183,125,8,12,12,0,0,0,22.875,146.4,0.6557377049180327,20.333333333333332,,,,9
SD Lad,1,15,13,1,1,1,0,0,0,15.0,115.38461538461537,0.6666666666666666,15.0,,,,1
SE Bond,8,1,2,1,0,0,9,225,191,1.0,50.0,0.0,0.125,25.0,7.068062827225131,21.22222222222222,8
SE Marsh,69,2489,1913,63,269,78,0,0,0,39.507936507936506,130.10977522216413,0.6203294495781438,36.072463768115945,,,,69
SE Rutherford,20,397,310,16,25,26,1,60,46,24.8125,128.06451612903226,0.6448362720403022,19.85,60.0,7.826086956521739,46.0,20
SH Johnson,9,8,11,0,1,0,5,289,172,,72.72727272727273,0.5,0.8888888888888888,57.8,10.081395348837209,34.4,9
SJ Srivastava,14,5,5,1,0,0,15,444,306,5.0,100.0,0.0,0.35714285714285715,29.6,8.705882352941176,20.4,14
SK Raina,200,5536,4177,171,506,204,30,1139,930,32.37426900584796,132.53531242518554,0.5867052023121387,27.68,37.96666666666667,7.348387096774194,31.0,200
SK Rasheed,5,71,67,5,9,2,0,0,0,14.2,105.97014925373134,0.676056338028169,14.2,,,,5
SK Trivedi,76,42,61,7,3,1,73,1944,1557,6.0,68.85245901639344,0.42857142857142855,0.5526315789473685,26.63013698630137,7.491329479768786,21.328767123287673,76
SK Warne,55,198,219,18,14,6,60,1465,1223,11.0,90.41095890410958,0.46464646464646464,3.6,24.416666666666668,7.187244480784955,20.383333333333333,55
SL Malinga,122,88,103,14,6,5,188,3486,2974,6.285714285714286,85.43689320388349,0.6136363636363636,0.7213114754098361,18.54255319148936,7.032952252858103,15.819148936170214,122
SM Boland,2,0,0,0,0,0,3,56,43,,,,0.0,18.666666666666668,7.813953488372093,14.333333333333334,2
SM Curran,64,997,761,40,85,41,63,2059,1308,24.925,131.011826544021,0.5877632898696088,15.578125,32.682539682539684,9.444954128440367,20.761904761904763,64
SM Harwood,3,9,14,0,0,0,3,74,67,,64.28571428571429,0.0,3.0,24.666666666666668,6.6268656716417915,22.333333333333332,3
SM Katich,11,241,191,10,26,8,0,0,0,24.1,126.17801047120419,0.6307053941908713,21.90909090909091,,,,11
SM Pollock,13,147,116,8,12,8,13,307,280,18.375,126.72413793103448,0.6530612244897959,11.307692307692308,23.615384615384617,6.578571428571429,21.53846153846154,13
SMSM Senanayake,8,10,17,1,0,0,9,211,195,10.0,58.82352941176471,0.0,1.25,23.444444444444443,6.492307692307692,21.666666666666668,8
SN Khan,36,585,456,26,63,14,0,6,2,22.5,128.28947368421052,0.5743589743589743,16.25,,18.0,,36
SN Thakur,103,325,243,27,30,13,115,3284,2205,12.037037037037036,133.7448559670782,0.6092307692307692,3.1553398058252426,28.556521739130435,8.936054421768707,19.17391304347826,103
SO Hetmyer,78,1488,1036,51,94,93,0,0,0,29.176470588235293,143.62934362934362,0.6276881720430108,19.076923076923077,,,,78
SP Fleming,10,196,171,9,27,3,0,0,0,21.77777777777778,114.61988304093566,0.6428571428571429,19.6,,,,10
SP Goswami,21,293,307,20,32,3,0,0,0,14.65,95.43973941368078,0.49829351535836175,13.952380952380953,,,,21
SP Jackson,8,61,57,6,5,1,0,0,0,10.166666666666666,107.01754385964912,0.4262295081967213,7.625,,,,8
SP Narine,188,1780,1144,99,189,116,212,5029,4421,17.97979797979798,155.5944055944056,0.8157303370786517,9.46808510638298,23.721698113207548,6.825152680389052,20.85377358490566,188
SPD Smith,93,2495,1999,72,226,60,0,5,2,34.65277777777778,124.81240620310155,0.5066132264529059,26.827956989247312,,15.0,,93
SR Tendulkar,78,2334,2044,69,296,29,0,59,37,33.82608695652174,114.18786692759295,0.5818337617823479,29.923076923076923,,9.567567567567567,,78
SR Watson,145,3880,2892,126,377,190,107,2742,2137,30.793650793650794,134.1632088520055,0.6824742268041237,26.75862068965517,25.626168224299064,7.698642957416939,19.97196261682243,145
SS Agarwal,1,0,0,0,0,0,1,42,24,,,,0.0,42.0,10.5,24.0,1
SS Cottrell,6,0,2,1,0,0,6,177,131,0.0,0.0,,0.0,29.5,8.106870229007635,21.833333333333332,6
SS Iyer,131,3735,2905,110,315,152,0,7,6,33.95454545454545,128.57142857142858,0.5815261044176707,28.51145038167939,,7.0,,131
SS Mundhe,1,0,0,0,0,0,1,6,7,,,,0.0,6.0,5.142857142857142,7.0,1
SS Prabhudessai,10,126,113,10,11,4,0,0,0,12.6,111.50442477876106,0.5396825396825397,12.6,,,,10
SS Sarkar,2,0,0,0,0,0,1,34,25,,,,0.0,34.0,8.16,25.0,2
SS Shaikh,1,6,7,1,1,0,0,0,0,6.0,85.71428571428571,0.6666666666666666,6.0,,,,1
SS Tiwary,73,1494,1291,52,111,50,0,0,0,28.73076923076923,115.72424477149497,0.4979919678714859,20.465753424657535,,,,73
SSB Magala,2,0,0,0,0,0,1,52,37,,,,0.0,52.0,8.432432432432432,37.0,2
ST Jayasuriya,30,768,573,28,84,39,16,396,301,27.428571428571427,134.03141361256544,0.7421875,25.6,24.75,7.893687707641196,18.8125,30
STR Binny,86,880,700,46,66,35,28,763,611,19.130434782608695,125.71428571428571,0.5386363636363637,10.232558139534884,27.25,7.4926350245499185,21.821428571428573,86
SV Samson,171,4704,3475,152,379,219,0,0,0,30.94736842105263,135.36690647482015,0.6016156462585034,27.50877192982456,,,,171
SW Billings,27,503,399,26,40,20,0,0,0,19.346153846153847,126.06516290726817,0.5566600397614314,18.62962962962963,,,,27
SW Tait,21,23,26,3,1,1,26,668,534,7.666666666666667,88.46153846153845,0.43478260869565216,1.0952380952380953,25.692307692307693,7.50561797752809,20.53846153846154,21
SZ Mulani,2,1,1,0,0,0,0,57,33,,100.0,0.0,0.5,,10.363636363636363,,2
Sachin Baby,13,144,123,9,11,5,3,8,10,16.0,117.07317073170731,0.5138888888888888,11.076923076923077,2.6666666666666665,4.8,3.3333333333333335,13
Salman Butt,7,193,172,7,30,2,0,0,0,27.571428571428573,112.20930232558139,0.6839378238341969,27.571428571428573,,,,7
Sameer Rizvi,9,172,126,7,15,9,0,0,0,24.571428571428573,136.5079365079365,0.6627906976744186,19.11111111111111,,,,9
Sandeep Sharma,136,60,79,6,4,0,163,4134,3168,10.0,75.9493670886076,0.26666666666666666,0.4411764705882353,25.36196319018405,7.829545454545454,19.43558282208589,136
Sanvir Singh,5,25,22,2,2,1,0,0,0,12.5,113.63636363636364,0.56,5.0,,,,5
Saurav Chauhan,3,18,16,3,1,1,0,0,0,6.0,112.5,0.5555555555555556,6.0,,,,3
Sediqullah Atal,1,22,16,1,0,2,0,0,0,22.0,137.5,0.5454545454545454,22.0,,,,1
Shahbaz Ahmed,53,545,475,29,29,25,22,953,605,18.79310344827586,114.73684210526316,0.48807339449541287,10.283018867924529,43.31818181818182,9.451239669421488,27.5,53
Shahid Afridi,10,81,46,8,7,6,9,237,185,10.125,176.08695652173913,0.7901234567901234,8.1,26.333333333333332,7.686486486486487,20.555555555555557,10
Shakib Al Hasan,71,795,665,41,73,21,71,1864,1515,19.390243902439025,119.54887218045114,0.5257861635220126,11.19718309859155,26.253521126760564,7.3821782178217825,21.338028169014084,71
Shashank Singh,34,773,510,19,56,43,1,52,31,40.68421052631579,151.5686274509804,0.6235446313065977,22.735294117647058,52.0,10.064516129032258,31.0,34
Shivam Mavi,32,51,58,9,4,2,33,958,687,5.666666666666667,87.93103448275862,0.5490196078431373,1.59375,29.03030303030303,8.366812227074236,20.818181818181817,32
Shivam Sharma,5,5,3,1,1,0,4,165,114,5.0,166.66666666666669,0.8,1.0,41.25,8.68421052631579,28.5,5
Shivam Singh,1,2,3,0,0,0,0,0,0,,66.66666666666666,0.0,2.0,,,,1
Shoaib Ahmed,7,1,6,2,0,0,5,154,103,0.5,16.666666666666664,0.0,0.14285714285714285,30.8,8.970873786407767,20.6,7
Shoaib Akhtar,3,2,8,1,0,0,5,54,46,2.0,25.0,0.0,0.6666666666666666,10.8,7.0434782608695645,9.2,3
Shoaib Malik,6,52,49,4,5,0,2,87,58,13.0,106.12244897959184,0.38461538461538464,8.666666666666666,43.5,9.0,29.0,6
Shubman Gill,114,3866,2867,98,372,119,0,0,0,39.44897959183673,134.84478549005928,0.5695809622348681,33.91228070175438,,,,114
Sikandar Raza,9,182,143,7,12,8,3,146,88,26.0,127.27272727272727,0.5274725274725275,20.22222222222222,48.666666666666664,9.954545454545455,29.333333333333332,9
Simarjeet Singh,14,10,15,3,0,0,12,411,256,3.3333333333333335,66.66666666666666,0.0,0.7142857142857143,34.25,9.6328125,21.333333333333332,14
Sohail Tanvir,11,36,31,3,3,1,24,275,265,12.0,116.12903225806453,0.5,3.272727272727273,11.458333333333334,6.226415094339623,11.041666666666666,11
Sumit Kumar,3,18,26,2,2,1,0,38,22,9.0,69.23076923076923,0.7777777777777778,6.0,,10.363636363636363,,3
Sunny Gupta,1,0,1,1,0,0,0,47,19,0.0,0.0,,0.0,,14.842105263157896,,1
Sunny Singh,5,43,31,4,6,1,0,0,0,10.75,138.70967741935485,0.6976744186046512,8.6,,,,5
Suryansh Shedge,3,7,12,3,0,0,0,40,19,2.3333333333333335,58.333333333333336,0.0,2.3333333333333335,,12.631578947368421,,3
Suyash Sharma,27,0,0,0,0,0,20,835,569,,,,0.0,41.75,8.804920913884008,28.45,27
Swapnil Singh,14,51,46,5,3,3,7,241,165,10.2,110.86956521739131,0.5882352941176471,3.642857142857143,34.42857142857143,8.763636363636364,23.571428571428573,14
T Banton,2,18,22,2,1,1,0,0,0,9.0,81.81818181818183,0.5555555555555556,9.0,,,,2
T Henderson,2,11,16,2,0,1,1,41,36,5.5,68.75,0.5454545454545454,5.5,41.0,6.833333333333333,36.0,2
T Kohler-Cadmore,3,48,54,3,7,1,0,0,0,16.0,88.88888888888889,0.7083333333333334,16.0,,,,3
T Kohli,3,11,20,3,0,1,0,0,0,3.6666666666666665,55.00000000000001,0.5454545454545454,3.6666666666666665,,,,3
T Natarajan,63,3,5,0,0,0,77,2054,1426,,60.0,0.0,0.047619047619047616,26.675324675324674,8.642356241234221,18.51948051948052,63
T Shamsi,5,2,4,0,0,0,3,185,120,,50.0,0.0,0.4,61.666666666666664,9.25,40.0,5
T Stubbs,31,711,442,17,51,38,4,69,37,41.8235294117647,160.85972850678735,0.6075949367088608,22.93548387096774,17.25,11.18918918918919,9.25,31
T Taibu,3,31,26,3,3,0,0,0,0,10.333333333333334,119.23076923076923,0.3870967741935484,10.333333333333334,,,,3
T Thushara,6,12,19,2,0,0,10,164,144,6.0,63.1578947368421,0.0,2.0,16.4,6.833333333333333,14.4,6
TA Boult,119,85,86,9,5,3,151,3806,2785,9.444444444444445,98.83720930232558,0.4470588235294118,0.7142857142857143,25.205298013245034,8.199640933572711,18.443708609271525,119
TD Paine,2,10,29,2,0,0,0,0,0,5.0,34.48275862068966,0.0,5.0,,,,2
TG Southee,54,120,108,13,8,4,57,1774,1262,9.23076923076923,111.11111111111111,0.4666666666666667,2.2222222222222223,31.12280701754386,8.434231378763867,22.140350877192983,54
TH David,44,846,524,26,54,60,0,0,0,32.53846153846154,161.45038167938932,0.6808510638297872,19.227272727272727,,,,44
TK Curran,13,127,108,5,10,3,13,432,252,25.4,117.59259259259258,0.4566929133858268,9.76923076923077,33.23076923076923,10.285714285714286,19.384615384615383,13
TL Seifert,3,26,26,3,4,0,0,0,0,8.666666666666666,100.0,0.6153846153846154,8.666666666666666,,,,3
TL Suman,40,676,587,32,55,26,7,198,152,21.125,115.1618398637138,0.5562130177514792,16.9,28.285714285714285,7.815789473684211,21.714285714285715,40
TM Dilshan,50,1153,1047,43,140,24,5,368,275,26.813953488372093,110.12416427889207,0.6105810928013877,23.06,73.6,8.02909090909091,55.0,50
TM Head,37,1146,706,33,126,55,3,113,58,34.72727272727273,162.32294617563738,0.7277486910994765,30.972972972972972,37.666666666666664,11.689655172413794,19.333333333333332,37
TM Srivastava,3,8,11,1,0,0,0,0,0,8.0,72.72727272727273,0.0,2.6666666666666665,,,,3
TP Sudhindra,3,0,0,0,0,0,1,137,74,,,,0.0,137.0,11.108108108108107,74.0,3
TR Birt,5,75,59,5,9,2,0,0,0,15.0,127.11864406779661,0.64,15.0,,,,5
TS Mills,10,8,14,4,0,1,11,349,218,2.0,57.14285714285714,0.75,0.8,31.727272727272727,9.605504587155963,19.818181818181817,10
TU Deshpande,46,28,24,2,2,1,55,1617,1043,14.0,116.66666666666667,0.5,0.6086956521739131,29.4,9.302013422818792,18.963636363636365,46
Tanush Kotian,1,24,32,1,3,0,0,0,0,24.0,75.0,0.5,24.0,,,,1
Tejas Baroka,1,0,0,0,0,0,0,33,21,,,,0.0,,9.428571428571429,,1
Tilak Varma,51,1499,1089,40,113,74,0,28,23,37.475,137.6492194674013,0.5977318212141428,29.392156862745097,,7.304347826086956,,51
U Kaul,1,0,1,0,0,0,0,0,0,,0.0,,0.0,,,,1
UA Birla,1,7,15,1,1,0,0,0,0,7.0,46.666666666666664,0.5714285714285714,7.0,,,,1
UBT Chand,20,300,314,20,32,9,0,0,0,15.0,95.54140127388536,0.6066666666666667,15.0,,,,20
UT Khawaja,6,127,105,6,14,3,0,0,0,21.166666666666668,120.95238095238095,0.5826771653543307,21.166666666666668,,,,6
UT Yadav,147,208,211,21,16,9,163,4442,3190,9.904761904761905,98.5781990521327,0.5673076923076923,1.4149659863945578,27.25153374233129,8.354858934169279,19.570552147239265,147
Umar Gul,6,39,19,3,1,5,14,198,153,13.0,205.26315789473685,0.8717948717948718,6.5,14.142857142857142,7.764705882352941,10.928571428571429,6
Umran Malik,26,23,16,1,1,2,31,785,519,23.0,143.75,0.6956521739130435,0.8846153846153846,25.322580645161292,9.07514450867052,16.741935483870968,26
Urvil Patel,3,68,34,3,5,6,0,0,0,22.666666666666668,200.0,0.8235294117647058,22.666666666666668,,,,3
V Kaverappa,1,0,0,0,0,0,2,36,24,,,,0.0,18.0,9.0,12.0,1
V Kohli,260,8671,6702,219,774,292,5,371,264,39.593607305936075,129.37928976424948,0.5591050628531888,33.35,74.2,8.431818181818182,52.8,260
V Nigam,14,142,82,7,16,8,12,361,244,20.285714285714285,173.17073170731706,0.7887323943661971,10.142857142857142,30.083333333333332,8.87704918032787,20.333333333333332,14
V Pratap Singh,9,0,1,1,0,0,12,300,211,0.0,0.0,,0.0,25.0,8.530805687203792,17.583333333333332,9
V Puthur,5,0,0,0,0,0,6,109,73,,,,0.0,18.166666666666668,8.958904109589042,12.166666666666666,5
V Sehwag,104,2728,1833,99,334,106,6,236,138,27.555555555555557,148.82705946535734,0.7228739002932552,26.23076923076923,39.333333333333336,10.26086956521739,23.0,104
V Shankar,69,1233,985,47,88,48,12,344,258,26.23404255319149,125.17766497461929,0.519059205190592,17.869565217391305,28.666666666666668,8.0,21.5,69
V Suryavanshi,7,252,129,7,18,24,0,0,0,36.0,195.3488372093023,0.8571428571428571,36.0,,,,7
V Viyaskanth,3,7,5,0,0,0,1,90,60,,140.0,0.0,2.3333333333333335,90.0,9.0,60.0,3
VG Arora,32,9,25,4,0,0,39,1029,690,2.25,36.0,0.0,0.28125,26.384615384615383,8.947826086956521,17.692307692307693,32
VH Zol,2,29,26,2,3,1,0,0,0,14.5,111.53846153846155,0.6206896551724138,14.5,,,,2
VR Aaron,50,50,73,5,2,2,46,1527,1065,10.0,68.4931506849315,0.4,1.0,33.19565217391305,8.60281690140845,23.152173913043477,50
VR Iyer,56,1468,1107,49,136,65,3,145,84,29.959183673469386,132.61065943992773,0.6362397820163488,26.214285714285715,48.333333333333336,10.357142857142858,28.0,56
VRV Singh,18,4,3,2,1,0,16,549,371,2.0,133.33333333333331,1.0,0.2222222222222222,34.3125,8.878706199460916,23.1875,18
VS Malik,13,7,7,1,1,0,6,268,212,7.0,100.0,0.5714285714285714,0.5384615384615384,44.666666666666664,7.584905660377358,35.333333333333336,13
VS Yeligati,2,2,2,1,0,0,0,61,32,2.0,100.0,0.0,1.0,,11.4375,,2
VVS Laxman,20,282,271,19,33,5,0,0,0,14.842105263157896,104.0590405904059,0.574468085106383,14.1,,,,20
VY Mahesh,17,15,28,2,0,0,22,511,359,7.5,53.57142857142857,0.0,0.8823529411764706,23.227272727272727,8.540389972144846,16.318181818181817,17
Vijaykumar Vyshak,16,14,13,2,0,1,21,577,356,7.0,107.6923076923077,0.42857142857142855,0.875,27.476190476190474,9.724719101123595,16.952380952380953,16
Virat Singh,2,15,26,2,1,0,0,0,0,7.5,57.692307692307686,0.26666666666666666,7.5,,,,2
Vishnu Vinod,6,56,58,6,3,3,0,0,0,9.333333333333334,96.55172413793103,0.5357142857142857,9.333333333333334,,,,6
Vivrant Sharma,2,69,49,1,9,2,0,37,21,69.0,140.81632653061226,0.6956521739130435,34.5,,10.571428571428571,,2
W Jaffer,8,130,129,8,14,3,0,0,0,16.25,100.7751937984496,0.5692307692307692,16.25,,,,8
W O'Rourke,3,0,0,0,0,0,6,132,64,,,,0.0,22.0,12.375,10.666666666666666,3
WA Mota,10,56,76,6,2,0,4,98,75,9.333333333333334,73.68421052631578,0.14285714285714285,5.6,24.5,7.84,18.75,10
WD Parnell,33,65,86,10,4,1,40,968,758,6.5,75.5813953488372,0.3384615384615385,1.9696969696969697,24.2,7.6622691292875995,18.95,33
WG Jacks,20,463,306,17,38,29,8,221,145,27.235294117647058,151.30718954248366,0.7041036717062635,23.15,27.625,9.144827586206896,18.125,20
WP Saha,143,2934,2368,121,296,87,0,0,0,24.24793388429752,123.90202702702702,0.5814587593728698,20.517482517482517,,,,143
WPUJC Vaas,13,81,73,8,2,3,22,364,288,10.125,110.95890410958904,0.32098765432098764,6.230769230769231,16.545454545454547,7.583333333333333,13.090909090909092,13
Washington Sundar,65,511,426,33,42,16,41,1447,1131,15.484848484848484,119.9530516431925,0.5166340508806262,7.861538461538461,35.292682926829265,7.676392572944297,27.585365853658537,65
X Thalaivan Sargunam,1,10,17,1,0,0,0,0,0,10.0,58.82352941176471,0.0,10.0,,,,1
XC Bartlett,4,11,15,1,1,0,2,96,60,11.0,73.33333333333333,0.36363636363636365,2.75,48.0,9.6,30.0,4
Y Gnaneswara Rao,2,19,18,1,3,0,0,7,6,19.0,105.55555555555556,0.631578947368421,9.5,,7.0,,2
Y Nagar,20,285,271,14,20,9,4,125,72,20.357142857142858,105.1660516605166,0.47017543859649125,14.25,31.25,10.416666666666666,18.0,20
Y Prithvi Raj,2,0,1,0,0,0,1,57,33,,0.0,,0.0,57.0,10.363636363636363,33.0,2
Y Venugopal Rao,57,985,865,44,77,37,7,338,222,22.386363636363637,113.87283236994219,0.5380710659898477,17.280701754385966,48.285714285714285,9.135135135135135,31.714285714285715,57
YA Abdulla,11,0,1,0,0,0,15,311,222,,0.0,,0.0,20.733333333333334,8.405405405405405,14.8,11
YBK Jaiswal,66,2166,1454,64,259,92,0,6,1,33.84375,148.96836313617607,0.7331486611265005,32.81818181818182,,36.0,,66
YK Pathan,161,3222,2334,110,263,161,46,1443,1184,29.29090909090909,138.04627249357327,0.6263190564866542,20.012422360248447,31.369565217391305,7.3125,25.73913043478261,161
YS Chahal,172,37,89,7,0,0,229,5112,3905,5.285714285714286,41.57303370786517,0.0,0.21511627906976744,22.323144104803493,7.8545454545454545,17.05240174672489,172
YV Dhull,3,16,23,3,1,0,0,0,0,5.333333333333333,69.56521739130434,0.25,5.333333333333333,,,,3
YV Takawale,10,192,183,8,26,3,0,0,0,24.0,104.91803278688525,0.6354166666666666,19.2,,,,10
Yash Dayal,43,4,9,3,0,0,45,1412,920,1.3333333333333333,44.44444444444444,0.0,0.09302325581395349,31.377777777777776,9.208695652173912,20.444444444444443,43
Yash Thakur,21,0,0,0,0,0,28,782,475,,,,0.0,27.928571428571427,9.877894736842105,16.964285714285715,21
Yashpal Singh,4,47,67,4,5,0,0,0,0,11.75,70.1492537313433,0.425531914893617,11.75,,,,4
Younis Khan,1,3,7,1,0,0,0,0,0,3.0,42.857142857142854,0.0,3.0,,,,1
Yudhvir Singh,9,22,16,4,1,2,8,257,145,5.5,137.5,0.7272727272727273,2.4444444444444446,32.125,10.634482758620688,18.125,9
Yuvraj Singh,129,2754,2207,111,218,149,39,1091,882,24.81081081081081,124.78477571363842,0.6412490922294843,21.348837209302324,27.974358974358974,7.421768707482993,22.615384615384617,129
Z Khan,99,117,141,14,11,2,119,2860,2276,8.357142857142858,82.97872340425532,0.47863247863247865,1.1818181818181819,24.03361344537815,7.539543057996485,19.126050420168067,99
Zeeshan Ansari,10,0,0,0,0,0,8,334,209,,,,0.0,41.75,9.588516746411482,26.125,10
